mean_fit_time,mean_score_time,mean_test_score,param_criterion,param_learning_rate,param_max_depth,param_max_features,param_n_estimators,params,rank_test_score,split0_test_score,split1_test_score,split2_test_score,split3_test_score,split4_test_score,std_fit_time,std_score_time,std_test_score
4.562375593185425,0.018395090103149415,-0.5413693964340488,friedman_mse,0.001,3,auto,100,"{'max_features': 'auto', 'n_estimators': 100, 'criterion': 'friedman_mse', 'max_depth': 3, 'learning_rate': 0.001}",205,-0.5550580484963094,-0.5585606320242948,-0.5365240449899079,-0.5285309469093736,-0.528166774227769,0.38424006069096167,0.0010681155387843927,0.013004145107265568
13.394539737701416,0.03343167304992676,-0.5230060911775999,friedman_mse,0.001,3,auto,300,"{'max_features': 'auto', 'n_estimators': 300, 'criterion': 'friedman_mse', 'max_depth': 3, 'learning_rate': 0.001}",167,-0.5568757579300169,-0.5691776130271547,-0.5096454980748075,-0.4889495145018762,-0.4903659015894024,1.042496846361233,0.0025627433985791473,0.033712628678827
22.498423767089843,0.05017743110656738,-0.5111969352868279,friedman_mse,0.001,3,auto,500,"{'max_features': 'auto', 'n_estimators': 500, 'criterion': 'friedman_mse', 'max_depth': 3, 'learning_rate': 0.001}",135,-0.5591341737373697,-0.5801710596652666,-0.4917562552857585,-0.45944197834655104,-0.46545832220012456,0.8245550842766933,0.0011155252304329143,0.049404203912253086
31.971342372894288,0.0665285587310791,-0.503694194153887,friedman_mse,0.001,3,auto,700,"{'max_features': 'auto', 'n_estimators': 700, 'criterion': 'friedman_mse', 'max_depth': 3, 'learning_rate': 0.001}",95,-0.5615703121509275,-0.5922109720282497,-0.47946728282610585,-0.43677463234018,-0.4484201389971412,1.2505612109335629,0.0054404520571154445,0.06213696647879412
41.973099613189696,0.08532567024230957,-0.4994198912194355,friedman_mse,0.001,3,auto,900,"{'max_features': 'auto', 'n_estimators': 900, 'criterion': 'friedman_mse', 'max_depth': 3, 'learning_rate': 0.001}",74,-0.5648859267112868,-0.6053834589964262,-0.47104436513834175,-0.41944682539110567,-0.43630762369601966,1.6590472447925249,0.005390882011031594,0.07307201442619965
50.2405562877655,0.1065147876739502,-0.4971821845306819,friedman_mse,0.001,3,auto,1100,"{'max_features': 'auto', 'n_estimators': 1100, 'criterion': 'friedman_mse', 'max_depth': 3, 'learning_rate': 0.001}",63,-0.5689779012905221,-0.6186747135289581,-0.46468368619942696,-0.4061015983320194,-0.427438745089659,2.1948121514408125,0.011164073423139865,0.08261989404903824
54.6589859008789,0.10786623954772949,-0.49633966000402224,friedman_mse,0.001,3,auto,1300,"{'max_features': 'auto', 'n_estimators': 1300, 'criterion': 'friedman_mse', 'max_depth': 3, 'learning_rate': 0.001}",48,-0.5728715366081204,-0.6318144323643449,-0.45988720942451095,-0.3962612692456999,-0.4208273129281133,1.341644129685819,0.004782253907990185,0.09083609312129132
68.35902218818664,0.1293013095855713,-0.4963919322259959,friedman_mse,0.001,3,auto,1500,"{'max_features': 'auto', 'n_estimators': 1500, 'criterion': 'friedman_mse', 'max_depth': 3, 'learning_rate': 0.001}",51,-0.5765838573179475,-0.644228965303384,-0.4563633506025455,-0.3892640816220381,-0.4154811193778379,6.425066416655915,0.012181955512994521,0.09788794817997429
73.37184901237488,0.147422456741333,-0.49681862125886156,friedman_mse,0.001,3,auto,1700,"{'max_features': 'auto', 'n_estimators': 1700, 'criterion': 'friedman_mse', 'max_depth': 3, 'learning_rate': 0.001}",59,-0.5798272371452481,-0.6556433648045947,-0.45378102485415894,-0.3835852334868388,-0.41121661429380524,5.608329050205319,0.028303691913913933,0.10403421577036186
87.72378664016723,0.16400246620178222,-0.49661059950807823,friedman_mse,0.001,3,auto,1900,"{'max_features': 'auto', 'n_estimators': 1900, 'criterion': 'friedman_mse', 'max_depth': 3, 'learning_rate': 0.001}",53,-0.5808161949124174,-0.6647586870360488,-0.45134709952204194,-0.3785643712427044,-0.4075264416305187,7.264799777667157,0.018310910590354272,0.10888688615782381
1.2774503231048584,0.02061018943786621,-0.5490737555127079,friedman_mse,0.001,3,sqrt,100,"{'max_features': 'sqrt', 'n_estimators': 100, 'criterion': 'friedman_mse', 'max_depth': 3, 'learning_rate': 0.001}",217,-0.5548214249048231,-0.5556370683939336,-0.5467934383654671,-0.5443528529987871,-0.5437612487279851,0.11610513228948664,0.0038719045428582542,0.005134694916282506
3.747953176498413,0.03712983131408691,-0.5391395964470402,friedman_mse,0.001,3,sqrt,300,"{'max_features': 'sqrt', 'n_estimators': 300, 'criterion': 'friedman_mse', 'max_depth': 3, 'learning_rate': 0.001}",199,-0.5536837194781488,-0.5576692261573356,-0.5315604224113418,-0.5256396334750706,-0.5271380367538724,0.027330465816355412,0.0016740617697309228,0.013701243541864071
5.889186954498291,0.050208663940429686,-0.5301147593196937,friedman_mse,0.001,3,sqrt,500,"{'max_features': 'sqrt', 'n_estimators': 500, 'criterion': 'friedman_mse', 'max_depth': 3, 'learning_rate': 0.001}",187,-0.5545580543710914,-0.561315144968709,-0.5204285914726013,-0.5052490623681987,-0.5090112731886718,0.40968453495363183,0.003923452722084933,0.023359988533872653
8.466408586502075,0.06553750038146973,-0.5230083691407974,friedman_mse,0.001,3,sqrt,700,"{'max_features': 'sqrt', 'n_estimators': 700, 'criterion': 'friedman_mse', 'max_depth': 3, 'learning_rate': 0.001}",168,-0.5564165899299954,-0.5635523713319902,-0.5101534915028063,-0.49159451303416735,-0.4933089294534691,0.29934135577359205,0.0030025429244583033,0.030964932989515682
11.056535577774047,0.08296675682067871,-0.5176351162801485,friedman_mse,0.001,3,sqrt,900,"{'max_features': 'sqrt', 'n_estimators': 900, 'criterion': 'friedman_mse', 'max_depth': 3, 'learning_rate': 0.001}",154,-0.5574654630150765,-0.5683591132977345,-0.501943966256984,-0.47775156561351434,-0.4826364565801762,0.2724207892093955,0.0026154181922483453,0.038003326885775436
13.463301467895509,0.09856491088867188,-0.5126287304044208,friedman_mse,0.001,3,sqrt,1100,"{'max_features': 'sqrt', 'n_estimators': 1100, 'criterion': 'friedman_mse', 'max_depth': 3, 'learning_rate': 0.001}",141,-0.5598748803451219,-0.5713861897591832,-0.4939845529567377,-0.46687528050869614,-0.471000191207227,0.6540027202122297,0.00533570357349588,0.04440423600346814
15.374216413497924,0.11120247840881348,-0.5081121728221736,friedman_mse,0.001,3,sqrt,1300,"{'max_features': 'sqrt', 'n_estimators': 1300, 'criterion': 'friedman_mse', 'max_depth': 3, 'learning_rate': 0.001}",122,-0.5602507330387206,-0.5765424635994569,-0.4880502433533385,-0.452797797709313,-0.4628947333280543,0.843217568180493,0.004687947213348808,0.05080940351942705
18.08295407295227,0.1283705234527588,-0.5057233834862881,friedman_mse,0.001,3,sqrt,1500,"{'max_features': 'sqrt', 'n_estimators': 1500, 'criterion': 'friedman_mse', 'max_depth': 3, 'learning_rate': 0.001}",105,-0.5622705775873946,-0.5830713571721247,-0.4826933349486143,-0.44597354480249984,-0.45458110497661924,1.2324691219341044,0.009005655225980765,0.05638485959257891
20.943614768981934,0.14559969902038575,-0.5027748425923364,friedman_mse,0.001,3,sqrt,1700,"{'max_features': 'sqrt', 'n_estimators': 1700, 'criterion': 'friedman_mse', 'max_depth': 3, 'learning_rate': 0.001}",91,-0.5641818081004404,-0.5868747763628605,-0.47850293589833903,-0.4350394443159518,-0.4492459300861871,1.1072014120566818,0.006136739277235864,0.06145919836344204
22.98371825218201,0.16479988098144532,-0.5018821479450039,friedman_mse,0.001,3,sqrt,1900,"{'max_features': 'sqrt', 'n_estimators': 1900, 'criterion': 'friedman_mse', 'max_depth': 3, 'learning_rate': 0.001}",86,-0.5669460576655415,-0.5940145603499525,-0.47428008297490015,-0.430317560893538,-0.4438214136683871,0.7331313163958257,0.003165174307036804,0.06629634898586478
1.153716468811035,0.018210983276367186,-0.5498833807585102,friedman_mse,0.001,3,log2,100,"{'max_features': 'log2', 'n_estimators': 100, 'criterion': 'friedman_mse', 'max_depth': 3, 'learning_rate': 0.001}",218,-0.5547732130814388,-0.5553849665863797,-0.5484929569941932,-0.5456658712525375,-0.5450975612719751,0.07832692628511528,0.0015052962939663729,0.004400109355896053
3.370238494873047,0.03408517837524414,-0.5398946064696141,friedman_mse,0.001,3,log2,300,"{'max_features': 'log2', 'n_estimators': 300, 'criterion': 'friedman_mse', 'max_depth': 3, 'learning_rate': 0.001}",201,-0.5547959895697676,-0.556254025913293,-0.5332202135174362,-0.5267347875299923,-0.5284609012875742,0.201758379742212,0.0022296558625024866,0.012947322304132048
5.514608573913574,0.05038862228393555,-0.5325803847794797,friedman_mse,0.001,3,log2,500,"{'max_features': 'log2', 'n_estimators': 500, 'criterion': 'friedman_mse', 'max_depth': 3, 'learning_rate': 0.001}",195,-0.5544808732913129,-0.5587944227472642,-0.5225523109533371,-0.5133581441644135,-0.5137057165517595,0.3001921537956194,0.0013539982621560945,0.019965749452988683
7.700614023208618,0.06577115058898926,-0.5263535941825389,friedman_mse,0.001,3,log2,700,"{'max_features': 'log2', 'n_estimators': 700, 'criterion': 'friedman_mse', 'max_depth': 3, 'learning_rate': 0.001}",178,-0.5554453647189233,-0.5621031216892176,-0.5133366649821421,-0.5002277145192869,-0.500641215401532,0.44112311133199067,0.003047728450386845,0.026972374819411664
9.786018180847169,0.08208575248718261,-0.5197605585020469,friedman_mse,0.001,3,log2,900,"{'max_features': 'log2', 'n_estimators': 900, 'criterion': 'friedman_mse', 'max_depth': 3, 'learning_rate': 0.001}",160,-0.5564988129134625,-0.5655811139703051,-0.5046571509720456,-0.4847543457838678,-0.48729382852469016,0.5710800373941313,0.006169119745582667,0.03451647325191485
12.03370189666748,0.09670696258544922,-0.5156691706297378,friedman_mse,0.001,3,log2,1100,"{'max_features': 'log2', 'n_estimators': 1100, 'criterion': 'friedman_mse', 'max_depth': 3, 'learning_rate': 0.001}",149,-0.5587003429173251,-0.56916234030217,-0.5000999198462863,-0.4706430982313588,-0.4797196070092058,0.42941674221250953,0.004531881585918315,0.04068271068762886
13.922536897659302,0.12344770431518555,-0.5124617933089727,friedman_mse,0.001,3,log2,1300,"{'max_features': 'log2', 'n_estimators': 1300, 'criterion': 'friedman_mse', 'max_depth': 3, 'learning_rate': 0.001}",139,-0.5611653872779151,-0.5728854106562469,-0.4920268610743826,-0.4647349525039097,-0.4714731019438586,0.826445600282987,0.024492320895416232,0.045604174727675986
16.349863386154176,0.13034229278564452,-0.5098419048686057,friedman_mse,0.001,3,log2,1500,"{'max_features': 'log2', 'n_estimators': 1500, 'criterion': 'friedman_mse', 'max_depth': 3, 'learning_rate': 0.001}",130,-0.562805096400639,-0.5799918382140178,-0.48807433941774986,-0.4553007224618542,-0.46301224105405203,0.9790176133028026,0.007921253032217992,0.05170640290868828
19.10947756767273,0.15223684310913085,-0.5059855423830109,friedman_mse,0.001,3,log2,1700,"{'max_features': 'log2', 'n_estimators': 1700, 'criterion': 'friedman_mse', 'max_depth': 3, 'learning_rate': 0.001}",110,-0.5650772728611582,-0.5822364680167906,-0.4832158386478256,-0.4435802068798779,-0.45578971269943414,0.3915625783662289,0.010982243713508392,0.056988875124277534
20.72592134475708,0.1612628936767578,-0.5034618065395545,friedman_mse,0.001,3,log2,1900,"{'max_features': 'log2', 'n_estimators': 1900, 'criterion': 'friedman_mse', 'max_depth': 3, 'learning_rate': 0.001}",94,-0.5656208360202464,-0.5863120156146763,-0.4790079367269988,-0.43718685194624357,-0.44915171512559193,1.1507536630844442,0.008400508622714182,0.061103046764105565
18.797358798980714,0.03116631507873535,-0.5393616566771595,friedman_mse,0.001,6,auto,100,"{'max_features': 'auto', 'n_estimators': 100, 'criterion': 'friedman_mse', 'max_depth': 6, 'learning_rate': 0.001}",200,-0.5562622574500549,-0.5552197929153534,-0.5346781517742012,-0.5245088191005554,-0.5261311931073074,0.7606640400896997,0.0012458012258630988,0.013818416442307037
62.467195177078246,0.06338210105895996,-0.5186784877846734,friedman_mse,0.001,6,auto,300,"{'max_features': 'auto', 'n_estimators': 300, 'criterion': 'friedman_mse', 'max_depth': 6, 'learning_rate': 0.001}",157,-0.5622631775153207,-0.5602514719218278,-0.5055522153673709,-0.47917443035283763,-0.4861303346517915,9.593436423229873,0.00292208054427478,0.035834296200535194
100.35326514244079,0.09485125541687012,-0.5066528255687223,friedman_mse,0.001,6,auto,500,"{'max_features': 'auto', 'n_estimators': 500, 'criterion': 'friedman_mse', 'max_depth': 6, 'learning_rate': 0.001}",114,-0.5701819108604972,-0.5701318976983566,-0.4859998676597295,-0.4468468022876725,-0.4600733179526375,14.073309200217365,0.008210549262988132,0.05336489512859468
128.07441382408143,0.13124618530273438,-0.4994569808176454,friedman_mse,0.001,6,auto,700,"{'max_features': 'auto', 'n_estimators': 700, 'criterion': 'friedman_mse', 'max_depth': 6, 'learning_rate': 0.001}",75,-0.57757942525474,-0.5827523692096517,-0.47227913186976495,-0.4219303331827751,-0.4427063457198094,21.419007276518116,0.005289964917901012,0.06784040940939196
202.77292618751525,0.15957140922546387,-0.4947859780874889,friedman_mse,0.001,6,auto,900,"{'max_features': 'auto', 'n_estimators': 900, 'criterion': 'friedman_mse', 'max_depth': 6, 'learning_rate': 0.001}",31,-0.5849232530035676,-0.5958909944764285,-0.46222514486094446,-0.40164704051867206,-0.42920042235466843,52.258488208736985,0.013748771493886276,0.08047890916653971
205.54059405326842,0.1969980239868164,-0.49263783529051247,friedman_mse,0.001,6,auto,1100,"{'max_features': 'auto', 'n_estimators': 1100, 'criterion': 'friedman_mse', 'max_depth': 6, 'learning_rate': 0.001}",12,-0.5928433137058412,-0.6096377719187526,-0.4553207662224972,-0.3856881401278855,-0.41965134228211415,28.025225574306763,0.017253987231227456,0.0915300457184664
305.24115285873415,0.22648100852966307,-0.4920253504973481,friedman_mse,0.001,6,auto,1300,"{'max_features': 'auto', 'n_estimators': 1300, 'criterion': 'friedman_mse', 'max_depth': 6, 'learning_rate': 0.001}",9,-0.6015606929857835,-0.622950402680834,-0.44992624606538245,-0.37334036169202217,-0.4122967524083912,30.262826562594505,0.006729619223075219,0.10134623383855566
309.28160390853884,0.25234551429748536,-0.491775091393143,friedman_mse,0.001,6,auto,1500,"{'max_features': 'auto', 'n_estimators': 1500, 'criterion': 'friedman_mse', 'max_depth': 6, 'learning_rate': 0.001}",4,-0.6072125117243803,-0.6348162991930143,-0.4462382978027976,-0.36405206640863785,-0.40650116728910246,70.19107764070861,0.014678957054155152,0.10903731826876413
340.2403015613556,0.2932427883148193,-0.4919636640175209,friedman_mse,0.001,6,auto,1700,"{'max_features': 'auto', 'n_estimators': 1700, 'criterion': 'friedman_mse', 'max_depth': 6, 'learning_rate': 0.001}",8,-0.6120936835689046,-0.6451012505579593,-0.44357791898773147,-0.356488841706437,-0.4024992702799161,80.89969734573567,0.012675507336662116,0.1153961523453534
372.3463314533234,0.313320255279541,-0.49255922469560576,friedman_mse,0.001,6,auto,1900,"{'max_features': 'auto', 'n_estimators': 1900, 'criterion': 'friedman_mse', 'max_depth': 6, 'learning_rate': 0.001}",10,-0.6162750409862301,-0.6555682185682415,-0.44147851141389904,-0.34963540712742947,-0.39977987838949014,62.199220532145716,0.016854664163663474,0.12126193656223157
4.389909982681274,0.030088424682617188,-0.5447451869543882,friedman_mse,0.001,6,sqrt,100,"{'max_features': 'sqrt', 'n_estimators': 100, 'criterion': 'friedman_mse', 'max_depth': 6, 'learning_rate': 0.001}",212,-0.5547660096872332,-0.5555197637265035,-0.541232192772151,-0.5362988070796156,-0.5359043771556462,0.27220029905407017,0.0014321738359323836,0.008698995181599375
12.754992246627808,0.06116299629211426,-0.5284202434225788,friedman_mse,0.001,6,sqrt,300,"{'max_features': 'sqrt', 'n_estimators': 300, 'criterion': 'friedman_mse', 'max_depth': 6, 'learning_rate': 0.001}",182,-0.5553364484533847,-0.5580676921106382,-0.519075181648884,-0.5039668254279603,-0.5056422185744235,1.6345929254509552,0.0046866805119606105,0.02369670589882589
19.050908374786378,0.08926429748535156,-0.5171318255597994,friedman_mse,0.001,6,sqrt,500,"{'max_features': 'sqrt', 'n_estimators': 500, 'criterion': 'friedman_mse', 'max_depth': 6, 'learning_rate': 0.001}",152,-0.5573280472131515,-0.562739693681349,-0.5032840074933481,-0.47926764188094095,-0.48302054620929374,1.6952762842742015,0.0022443104197756663,0.0360138970314027
27.58751835823059,0.12514452934265136,-0.5084018249233482,friedman_mse,0.001,6,sqrt,700,"{'max_features': 'sqrt', 'n_estimators': 700, 'criterion': 'friedman_mse', 'max_depth': 6, 'learning_rate': 0.001}",124,-0.5602301228593133,-0.5689144195331424,-0.4902639207204621,-0.4574275691244476,-0.46514834742929845,3.716685033419497,0.009087689369860963,0.04721522286776371
37.46977663040161,0.1591092586517334,-0.5024979686409028,friedman_mse,0.001,6,sqrt,900,"{'max_features': 'sqrt', 'n_estimators': 900, 'criterion': 'friedman_mse', 'max_depth': 6, 'learning_rate': 0.001}",88,-0.5641936873121514,-0.5765683518856182,-0.4811478404015656,-0.4410102931304924,-0.44954021441420833,6.270257489321484,0.010235206030786587,0.057156149137848326
48.659132957458496,0.19988818168640138,-0.4985584554017293,friedman_mse,0.001,6,sqrt,1100,"{'max_features': 'sqrt', 'n_estimators': 1100, 'criterion': 'friedman_mse', 'max_depth': 6, 'learning_rate': 0.001}",69,-0.5683980249168894,-0.5843464816683087,-0.47262498185353674,-0.4274271056498681,-0.43996233865195344,9.686396728458336,0.02715877516203903,0.06542653099116418
49.417359828948975,0.2186506748199463,-0.4950507060438471,friedman_mse,0.001,6,sqrt,1300,"{'max_features': 'sqrt', 'n_estimators': 1300, 'criterion': 'friedman_mse', 'max_depth': 6, 'learning_rate': 0.001}",35,-0.573081009650475,-0.5915969590499707,-0.4669406787327868,-0.4135531597902081,-0.43004446813611186,7.907899853730955,0.01061511202749358,0.07357725766282287
71.02866082191467,0.2605584621429443,-0.4934622102143447,friedman_mse,0.001,6,sqrt,1500,"{'max_features': 'sqrt', 'n_estimators': 1500, 'criterion': 'friedman_mse', 'max_depth': 6, 'learning_rate': 0.001}",19,-0.5775178061446173,-0.600134087272104,-0.4627855233845253,-0.4026992169184107,-0.42413428577129275,11.415530279771506,0.02137509060262039,0.08053552055228116
62.45115065574646,0.27997536659240724,-0.4917251806025364,friedman_mse,0.001,6,sqrt,1700,"{'max_features': 'sqrt', 'n_estimators': 1700, 'criterion': 'friedman_mse', 'max_depth': 6, 'learning_rate': 0.001}",3,-0.5815177971292639,-0.6066789119798313,-0.4589156961881156,-0.39276571544851524,-0.41870491159780976,4.7759463812031795,0.011419031643043448,0.08657799111715375
75.33016839027405,0.3196686267852783,-0.49077117013219945,friedman_mse,0.001,6,sqrt,1900,"{'max_features': 'sqrt', 'n_estimators': 1900, 'criterion': 'friedman_mse', 'max_depth': 6, 'learning_rate': 0.001}",2,-0.5862261038677888,-0.613571875538316,-0.4558621669418939,-0.38490833177556477,-0.4132417984463689,16.90070619932009,0.022969192743091373,0.09233452216412247
3.092701482772827,0.025530481338500978,-0.5460179951235881,friedman_mse,0.001,6,log2,100,"{'max_features': 'log2', 'n_estimators': 100, 'criterion': 'friedman_mse', 'max_depth': 6, 'learning_rate': 0.001}",214,-0.5549549789857424,-0.5551936914707265,-0.5424453354236692,-0.5388127513358919,-0.5386789515201432,0.08105614249183456,0.00043974776395190243,0.007518180990518992
10.590506553649902,0.05814518928527832,-0.5297995350092792,friedman_mse,0.001,6,log2,300,"{'max_features': 'log2', 'n_estimators': 300, 'criterion': 'friedman_mse', 'max_depth': 6, 'learning_rate': 0.001}",186,-0.5550338406313277,-0.5571129757261344,-0.5218679732910267,-0.5071137397257944,-0.5078570977821045,1.8396221077248436,0.00291295348383031,0.0220992787342222
16.154287815093994,0.08909940719604492,-0.5189965236940038,friedman_mse,0.001,6,log2,500,"{'max_features': 'log2', 'n_estimators': 500, 'criterion': 'friedman_mse', 'max_depth': 6, 'learning_rate': 0.001}",158,-0.5568639806936562,-0.5608273954433026,-0.5067505894089146,-0.4837344311552451,-0.4867881422955178,2.8779091376437456,0.005258021114742548,0.033510214946385924
26.58382406234741,0.12376031875610352,-0.5112423300583258,friedman_mse,0.001,6,log2,700,"{'max_features': 'log2', 'n_estimators': 700, 'criterion': 'friedman_mse', 'max_depth': 6, 'learning_rate': 0.001}",136,-0.5602797568455196,-0.5677524509218248,-0.49422237950494047,-0.4634035836266328,-0.4705300669187138,2.8911956040194307,0.004915581920280593,0.044348584624535774
35.61813907623291,0.15964622497558595,-0.5051638703049239,friedman_mse,0.001,6,log2,900,"{'max_features': 'log2', 'n_estimators': 900, 'criterion': 'friedman_mse', 'max_depth': 6, 'learning_rate': 0.001}",102,-0.5628165943392822,-0.5731907636099416,-0.4839140339368514,-0.44845858430926594,-0.4574118495598664,4.457741734975451,0.00910785897016731,0.05272391304169751
38.246444129943846,0.18370566368103028,-0.5003854556071328,friedman_mse,0.001,6,log2,1100,"{'max_features': 'log2', 'n_estimators': 1100, 'criterion': 'friedman_mse', 'max_depth': 6, 'learning_rate': 0.001}",80,-0.56704591788277,-0.5805071773352997,-0.47639907897677486,-0.43175857303694687,-0.4461847043716571,10.641876993295826,0.009811335307776925,0.06178369250631788
43.27918744087219,0.2259237289428711,-0.4975587781734604,friedman_mse,0.001,6,log2,1300,"{'max_features': 'log2', 'n_estimators': 1300, 'criterion': 'friedman_mse', 'max_depth': 6, 'learning_rate': 0.001}",65,-0.5722492965906001,-0.5874509168697233,-0.47095664688430533,-0.4208859620022222,-0.43621540821087024,7.590865595513984,0.029444190030428693,0.0692950852729458
65.84916405677795,0.28368568420410156,-0.49548682301792524,friedman_mse,0.001,6,log2,1500,"{'max_features': 'log2', 'n_estimators': 1500, 'criterion': 'friedman_mse', 'max_depth': 6, 'learning_rate': 0.001}",38,-0.5770039744284013,-0.5940652717191928,-0.4664801894818186,-0.4106680847202927,-0.4291776751164259,8.139507082384434,0.034626353550945045,0.07588897909772127
68.67353196144104,0.30382637977600097,-0.493864516364712,friedman_mse,0.001,6,log2,1700,"{'max_features': 'log2', 'n_estimators': 1700, 'criterion': 'friedman_mse', 'max_depth': 6, 'learning_rate': 0.001}",28,-0.5808944502070171,-0.601226764116566,-0.46177639213887334,-0.4015677770051467,-0.4238156467045639,13.561925964214973,0.03568919621451773,0.08192246770332558
81.63401145935059,0.31897754669189454,-0.49291390981374533,friedman_mse,0.001,6,log2,1900,"{'max_features': 'log2', 'n_estimators': 1900, 'criterion': 'friedman_mse', 'max_depth': 6, 'learning_rate': 0.001}",14,-0.585700358192328,-0.6087164548164667,-0.4587951013807788,-0.3930266577324619,-0.4182866768997212,20.500218417750453,0.014125692230024118,0.08801221126280356
71.91244268417358,0.04083342552185058,-0.5404274093098032,friedman_mse,0.001,9,auto,100,"{'max_features': 'auto', 'n_estimators': 100, 'criterion': 'friedman_mse', 'max_depth': 9, 'learning_rate': 0.001}",203,-0.5585160441548448,-0.5545277067284222,-0.5354573339227038,-0.5253469818984687,-0.5282803435901737,24.53480074384466,0.004699794058063652,0.013607035407478757
152.85085048675538,0.09794864654541016,-0.5218149178399274,friedman_mse,0.001,9,auto,300,"{'max_features': 'auto', 'n_estimators': 300, 'criterion': 'friedman_mse', 'max_depth': 9, 'learning_rate': 0.001}",163,-0.5678655840088057,-0.5592507523076855,-0.5092931021801618,-0.48042432661886075,-0.492218837611854,16.084097672791255,0.007785985682765594,0.035407412676014646
333.58616986274717,0.16400561332702637,-0.5120022495501548,friedman_mse,0.001,9,auto,500,"{'max_features': 'auto', 'n_estimators': 500, 'criterion': 'friedman_mse', 'max_depth': 9, 'learning_rate': 0.001}",137,-0.5786452818490685,-0.5694587252103033,-0.49304718929042307,-0.4496443311227383,-0.46918390216780925,51.68403153921884,0.012387456891494349,0.05258242271998917
505.85705785751344,0.2255486011505127,-0.507147207401379,friedman_mse,0.001,9,auto,700,"{'max_features': 'auto', 'n_estimators': 700, 'criterion': 'friedman_mse', 'max_depth': 9, 'learning_rate': 0.001}",117,-0.5909825779117949,-0.5825145836592537,-0.4810739244845501,-0.426966890792716,-0.45415803372243313,187.60001069881216,0.03010265747430526,0.06727013841912197
585.9195216178894,0.2820842742919922,-0.5061272632670619,friedman_mse,0.001,9,auto,900,"{'max_features': 'auto', 'n_estimators': 900, 'criterion': 'friedman_mse', 'max_depth': 9, 'learning_rate': 0.001}",113,-0.6059946108609967,-0.5974726371106711,-0.473176390238026,-0.40900925398994303,-0.4449357433776906,186.25548839623278,0.03923364511979172,0.08072321219630008
656.3996327400207,0.3394951820373535,-0.5067269047421108,friedman_mse,0.001,9,auto,1100,"{'max_features': 'auto', 'n_estimators': 1100, 'criterion': 'friedman_mse', 'max_depth': 9, 'learning_rate': 0.001}",116,-0.6189988709922397,-0.612150961476061,-0.46807421213815137,-0.3950282129812407,-0.4393286628923766,129.45132708493745,0.04164158191651139,0.09190686894077173
938.3843581199646,0.42021684646606444,-0.5080687729140146,friedman_mse,0.001,9,auto,1300,"{'max_features': 'auto', 'n_estimators': 1300, 'criterion': 'friedman_mse', 'max_depth': 9, 'learning_rate': 0.001}",121,-0.6308127338572946,-0.6259772767971874,-0.46540721497196663,-0.383504677670993,-0.43458335828340067,177.8843070152394,0.040668633542318984,0.10169275244297064
1357.0408045768738,0.5042554855346679,-0.5098268017161584,friedman_mse,0.001,9,auto,1500,"{'max_features': 'auto', 'n_estimators': 1500, 'criterion': 'friedman_mse', 'max_depth': 9, 'learning_rate': 0.001}",129,-0.6420035869524504,-0.639589448121798,-0.46337379542023727,-0.37456906717270905,-0.429535004308089,215.7929413515443,0.04993309985200532,0.11064434242337202
1259.8612571716308,0.5274784088134765,-0.5125293222123649,friedman_mse,0.001,9,auto,1700,"{'max_features': 'auto', 'n_estimators': 1700, 'criterion': 'friedman_mse', 'max_depth': 9, 'learning_rate': 0.001}",140,-0.652442245633429,-0.6523970921192354,-0.4630266378078105,-0.36796167774166333,-0.42675215760527185,291.5185186118854,0.03439879794975399,0.11819419374624206
1532.5630989074707,0.5891264915466309,-0.5155488683895141,friedman_mse,0.001,9,auto,1900,"{'max_features': 'auto', 'n_estimators': 1900, 'criterion': 'friedman_mse', 'max_depth': 9, 'learning_rate': 0.001}",148,-0.6624016435277695,-0.6645610109287872,-0.46278889604945955,-0.3627410567907384,-0.4251816211272356,417.7143411726938,0.04516193743169202,0.12495861620920261
14.013347482681274,0.04088997840881348,-0.5427079569588299,friedman_mse,0.001,9,sqrt,100,"{'max_features': 'sqrt', 'n_estimators': 100, 'criterion': 'friedman_mse', 'max_depth': 9, 'learning_rate': 0.001}",208,-0.5555819812230546,-0.5551631345593614,-0.5392256135842477,-0.5316321243225268,-0.5319307845190124,4.039469438513895,0.0026620570819236816,0.010694341554902039
45.124517822265624,0.10484585762023926,-0.524761533762597,friedman_mse,0.001,9,sqrt,300,"{'max_features': 'sqrt', 'n_estimators': 300, 'criterion': 'friedman_mse', 'max_depth': 9, 'learning_rate': 0.001}",171,-0.5581961645373359,-0.5580301648386673,-0.5162067385796015,-0.4946206605239629,-0.496737977272651,11.179259815497836,0.0042760407604929196,0.028255284022899313
60.1636387348175,0.15758047103881836,-0.5123519806723987,friedman_mse,0.001,9,sqrt,500,"{'max_features': 'sqrt', 'n_estimators': 500, 'criterion': 'friedman_mse', 'max_depth': 9, 'learning_rate': 0.001}",138,-0.5624774558240515,-0.5644779730925533,-0.49860544291452985,-0.464756531918288,-0.4714185676597653,1.2446763489628747,0.0068467569242254295,0.04326621438474811
105.71913342475891,0.22631382942199707,-0.5047407329118514,friedman_mse,0.001,9,sqrt,700,"{'max_features': 'sqrt', 'n_estimators': 700, 'criterion': 'friedman_mse', 'max_depth': 9, 'learning_rate': 0.001}",99,-0.5689900569739033,-0.5731656978110121,-0.48586078039781305,-0.4420987118284548,-0.45355774229189716,28.911277962350834,0.015206028641200122,0.0560546092542335
129.39558773040773,0.2820401191711426,-0.5001565746193736,friedman_mse,0.001,9,sqrt,900,"{'max_features': 'sqrt', 'n_estimators': 900, 'criterion': 'friedman_mse', 'max_depth': 9, 'learning_rate': 0.001}",78,-0.5756791277499601,-0.5822897212293269,-0.4784576539389033,-0.4250379049353568,-0.4392824076863236,21.26124349947203,0.015272843314625655,0.06673743835135454
160.9679560661316,0.3404827117919922,-0.497010609716611,friedman_mse,0.001,9,sqrt,1100,"{'max_features': 'sqrt', 'n_estimators': 1100, 'criterion': 'friedman_mse', 'max_depth': 9, 'learning_rate': 0.001}",61,-0.5830203128945856,-0.5918337357715577,-0.4713677911169208,-0.41003822552773317,-0.42875191872072843,39.69344818363809,0.02242664595272323,0.07651252166909851
170.4427281856537,0.3999020099639893,-0.4956708422222046,friedman_mse,0.001,9,sqrt,1300,"{'max_features': 'sqrt', 'n_estimators': 1300, 'criterion': 'friedman_mse', 'max_depth': 9, 'learning_rate': 0.001}",42,-0.5894737213772534,-0.6028649903748943,-0.4664581690433904,-0.3978317963599574,-0.42168074862291594,27.175266573541865,0.02303855444837538,0.08507726354890972
221.68851666450502,0.46926608085632326,-0.49524873878188824,friedman_mse,0.001,9,sqrt,1500,"{'max_features': 'sqrt', 'n_estimators': 1500, 'criterion': 'friedman_mse', 'max_depth': 9, 'learning_rate': 0.001}",36,-0.598275558783323,-0.6118378700582767,-0.4634343235678741,-0.38738367362637416,-0.4152630786542085,20.096470095734283,0.018928788766682646,0.09300884251611734
227.51309289932252,0.5249805927276612,-0.495870719459581,friedman_mse,0.001,9,sqrt,1700,"{'max_features': 'sqrt', 'n_estimators': 1700, 'criterion': 'friedman_mse', 'max_depth': 9, 'learning_rate': 0.001}",44,-0.6053851172486839,-0.6226090008292428,-0.4618380299496885,-0.3785997656455315,-0.4108693969702879,32.57505572230157,0.017082112363337898,0.10019266838780205
282.4886302947998,0.6059576511383057,-0.4967882123435603,friedman_mse,0.001,9,sqrt,1900,"{'max_features': 'sqrt', 'n_estimators': 1900, 'criterion': 'friedman_mse', 'max_depth': 9, 'learning_rate': 0.001}",58,-0.6128963967921599,-0.632436841501342,-0.4601411921616193,-0.37082467274104125,-0.4075865237236209,43.95738295400783,0.03379912275983436,0.10681704791629268
11.213280820846558,0.04037709236145019,-0.5434298933770314,friedman_mse,0.001,9,log2,100,"{'max_features': 'log2', 'n_estimators': 100, 'criterion': 'friedman_mse', 'max_depth': 9, 'learning_rate': 0.001}",210,-0.5555836264551266,-0.5550066903300623,-0.5398326014113428,-0.533668395120942,-0.5330523508782218,1.6193650262844088,0.0017335042705535814,0.009976765039688817
34.222444248199466,0.10012283325195312,-0.5261879438751978,friedman_mse,0.001,9,log2,300,"{'max_features': 'log2', 'n_estimators': 300, 'criterion': 'friedman_mse', 'max_depth': 9, 'learning_rate': 0.001}",175,-0.5581222891540275,-0.5580332948561789,-0.5168734817832565,-0.4973496422808272,-0.5005457645386155,4.9415833525104755,0.0029478644000202193,0.026870054613500827
58.655665922164914,0.15884065628051758,-0.5147085511938032,friedman_mse,0.001,9,log2,500,"{'max_features': 'log2', 'n_estimators': 500, 'criterion': 'friedman_mse', 'max_depth': 9, 'learning_rate': 0.001}",145,-0.5615911021187422,-0.5635429701252908,-0.5012590180355584,-0.4697467416642106,-0.4773805403771243,9.637891988850933,0.00640557405779038,0.04044472059463206
86.25597071647644,0.22451066970825195,-0.5066953347494703,friedman_mse,0.001,9,log2,700,"{'max_features': 'log2', 'n_estimators': 700, 'criterion': 'friedman_mse', 'max_depth': 9, 'learning_rate': 0.001}",115,-0.5674901789441111,-0.571495496064167,-0.4883150496517186,-0.4486815113767059,-0.457465411764507,12.37833778015656,0.010517264489214362,0.052957574584460376
98.59924750328064,0.2820118427276611,-0.5014153168710191,friedman_mse,0.001,9,log2,900,"{'max_features': 'log2', 'n_estimators': 900, 'criterion': 'friedman_mse', 'max_depth': 9, 'learning_rate': 0.001}",85,-0.5740441907943401,-0.5795901481639698,-0.4809884353061808,-0.42929930236497066,-0.4431198317294906,10.919352869944172,0.009145453917325347,0.06387983784998695
128.5579484462738,0.3398531436920166,-0.4983353201340506,friedman_mse,0.001,9,log2,1100,"{'max_features': 'log2', 'n_estimators': 1100, 'criterion': 'friedman_mse', 'max_depth': 9, 'learning_rate': 0.001}",68,-0.579649547145476,-0.5893025931658268,-0.4741667981107105,-0.41564222632356534,-0.43287661318559023,14.081802995936888,0.01475851376448132,0.0729311636652716
150.71281247138978,0.40392656326293946,-0.496677399294159,friedman_mse,0.001,9,log2,1300,"{'max_features': 'log2', 'n_estimators': 1300, 'criterion': 'friedman_mse', 'max_depth': 9, 'learning_rate': 0.001}",56,-0.5874172619514184,-0.5987467141387961,-0.4698666622392233,-0.4026668055229034,-0.42464622969524635,20.830317986757667,0.018821230234774607,0.08172870545290359
167.297021484375,0.4689965724945068,-0.496347084816682,friedman_mse,0.001,9,log2,1500,"{'max_features': 'log2', 'n_estimators': 1500, 'criterion': 'friedman_mse', 'max_depth': 9, 'learning_rate': 0.001}",49,-0.5944982328048689,-0.6089054306558992,-0.46629611494314044,-0.39300179012838843,-0.4189869941770435,16.670051300666326,0.026197208551556432,0.08929917764207242
197.47981696128846,0.517646598815918,-0.49707070712427026,friedman_mse,0.001,9,log2,1700,"{'max_features': 'log2', 'n_estimators': 1700, 'criterion': 'friedman_mse', 'max_depth': 9, 'learning_rate': 0.001}",62,-0.6029138075198146,-0.6190277995597311,-0.4637924468783706,-0.3855247918504643,-0.4140441559860928,26.776184039326086,0.01354430126356344,0.09645780715381151
262.1735478878021,0.6045671939849854,-0.4971984275626969,friedman_mse,0.001,9,log2,1900,"{'max_features': 'log2', 'n_estimators': 1900, 'criterion': 'friedman_mse', 'max_depth': 9, 'learning_rate': 0.001}",64,-0.6093603823472038,-0.627192873795843,-0.46232750466775085,-0.3772992400699817,-0.40975858622619554,32.450934930869636,0.027487237046904714,0.10268140522794555
128.10466089248658,0.0536139965057373,-0.5420317489594473,friedman_mse,0.001,12,auto,100,"{'max_features': 'auto', 'n_estimators': 100, 'criterion': 'friedman_mse', 'max_depth': 12, 'learning_rate': 0.001}",206,-0.5605293855191993,-0.5543676662863847,-0.5387243407088974,-0.5272425807304785,-0.529285940023721,33.131374155857,0.005346060265122253,0.013315631532195768
495.04655466079714,0.15039215087890626,-0.5293841267367286,friedman_mse,0.001,12,auto,300,"{'max_features': 'auto', 'n_estimators': 300, 'criterion': 'friedman_mse', 'max_depth': 12, 'learning_rate': 0.001}",185,-0.5742109335616994,-0.5609981252129328,-0.521089704117394,-0.48973995676172055,-0.500860511878154,149.27366016987992,0.021105336238258252,0.033055648461082165
802.0040819644928,0.24849996566772461,-0.5262921899248681,friedman_mse,0.001,12,auto,500,"{'max_features': 'auto', 'n_estimators': 500, 'criterion': 'friedman_mse', 'max_depth': 12, 'learning_rate': 0.001}",177,-0.5896066325911286,-0.5725250005321023,-0.5151017755185254,-0.4671060686231312,-0.48709124345390736,116.40000019140798,0.028864328274126893,0.04756461232463473
1101.5240502357483,0.3400867938995361,-0.5277881384273347,friedman_mse,0.001,12,auto,700,"{'max_features': 'auto', 'n_estimators': 700, 'criterion': 'friedman_mse', 'max_depth': 12, 'learning_rate': 0.001}",180,-0.6050349136117759,-0.5879856271310009,-0.5134416767637513,-0.45229780296666233,-0.4801437908923279,182.40493108944995,0.04078132584158343,0.05960964671922258
1472.4088788986205,0.44434099197387694,-0.5317688677795392,friedman_mse,0.001,12,auto,900,"{'max_features': 'auto', 'n_estimators': 900, 'criterion': 'friedman_mse', 'max_depth': 12, 'learning_rate': 0.001}",192,-0.6201114645075833,-0.6059128245653976,-0.5120629501804501,-0.4444254328652858,-0.47628948840861457,239.8581376135337,0.051653351830489996,0.06985455957717361
1784.9936235904693,0.551731538772583,-0.5376647083100405,friedman_mse,0.001,12,auto,1100,"{'max_features': 'auto', 'n_estimators': 1100, 'criterion': 'friedman_mse', 'max_depth': 12, 'learning_rate': 0.001}",197,-0.6361131652591091,-0.624102429852278,-0.5119452077191355,-0.4388736162480113,-0.4772421191501363,330.4926525539784,0.0680367090418566,0.0790408563417673
2002.9660141468048,0.6548434734344483,-0.5434874881900945,friedman_mse,0.001,12,auto,1300,"{'max_features': 'auto', 'n_estimators': 1300, 'criterion': 'friedman_mse', 'max_depth': 12, 'learning_rate': 0.001}",211,-0.6503794025889964,-0.643796401838106,-0.5122368778808757,-0.4343940422384548,-0.4765796818304427,214.71230213231362,0.060578101832011635,0.08814095608071561
2807.220367908478,0.8069119930267334,-0.550684748620368,friedman_mse,0.001,12,auto,1500,"{'max_features': 'auto', 'n_estimators': 1500, 'criterion': 'friedman_mse', 'max_depth': 12, 'learning_rate': 0.001}",220,-0.6655127988587994,-0.6634370691057264,-0.5153654861747237,-0.4307693065383218,-0.47828425881470116,587.805646781563,0.060698680953035905,0.09671544936975345
3744.388796710968,0.9091354370117187,-0.5590377243780696,friedman_mse,0.001,12,auto,1700,"{'max_features': 'auto', 'n_estimators': 1700, 'criterion': 'friedman_mse', 'max_depth': 12, 'learning_rate': 0.001}",223,-0.6831388388649967,-0.6840697860916916,-0.5202330869067268,-0.4279237330215098,-0.47976392605556073,500.28273415462536,0.09404490202825629,0.10584622896283424
3747.8488677978517,1.0037090301513671,-0.5669900752108861,friedman_mse,0.001,12,auto,1900,"{'max_features': 'auto', 'n_estimators': 1900, 'criterion': 'friedman_mse', 'max_depth': 12, 'learning_rate': 0.001}",226,-0.7003085749576801,-0.7032452725200445,-0.5247531154124835,-0.4246319319121991,-0.4819478295452927,523.8778171915008,0.11142484936389838,0.11456308841286084
40.478003883361815,0.06396188735961914,-0.5422443298852485,friedman_mse,0.001,12,sqrt,100,"{'max_features': 'sqrt', 'n_estimators': 100, 'criterion': 'friedman_mse', 'max_depth': 12, 'learning_rate': 0.001}",207,-0.556924189071047,-0.5554614319240507,-0.5389580552125937,-0.5296718445157174,-0.5301991199374075,6.753321947261995,0.006870643657111776,0.01186743250362264
142.1412244319916,0.1721879005432129,-0.5245359987759799,friedman_mse,0.001,12,sqrt,300,"{'max_features': 'sqrt', 'n_estimators': 300, 'criterion': 'friedman_mse', 'max_depth': 12, 'learning_rate': 0.001}",169,-0.5613532471632575,-0.5593914461404185,-0.5177580977081867,-0.4908886439513117,-0.4932709808559054,22.156052650559932,0.014424585992310267,0.03074473498046857
193.6856333255768,0.2548666000366211,-0.5140852816700658,friedman_mse,0.001,12,sqrt,500,"{'max_features': 'sqrt', 'n_estimators': 500, 'criterion': 'friedman_mse', 'max_depth': 12, 'learning_rate': 0.001}",144,-0.5686628913339952,-0.5668847264470736,-0.5017938399742844,-0.4638890516097575,-0.46916984140122986,32.27061402108756,0.01572089714399047,0.045727581386435054
336.0368902683258,0.37657899856567384,-0.5080205222005394,friedman_mse,0.001,12,sqrt,700,"{'max_features': 'sqrt', 'n_estimators': 700, 'criterion': 'friedman_mse', 'max_depth': 12, 'learning_rate': 0.001}",120,-0.5776056917401795,-0.5774793840558612,-0.4924192943706952,-0.44100224272300664,-0.4515627753058219,31.598390452295586,0.019737747365875042,0.05931203386401401
366.18426809310915,0.4579343795776367,-0.5052951272512736,friedman_mse,0.001,12,sqrt,900,"{'max_features': 'sqrt', 'n_estimators': 900, 'criterion': 'friedman_mse', 'max_depth': 12, 'learning_rate': 0.001}",104,-0.5881943880278565,-0.5894834057935137,-0.48602266523906745,-0.423621300311586,-0.4391142973852866,49.83329191863324,0.027421356407682368,0.07124991941046599
452.68779134750366,0.5577194213867187,-0.504494005469406,friedman_mse,0.001,12,sqrt,1100,"{'max_features': 'sqrt', 'n_estimators': 1100, 'criterion': 'friedman_mse', 'max_depth': 12, 'learning_rate': 0.001}",98,-0.59766773300019,-0.6027964874287411,-0.48200921462984764,-0.41002940910539837,-0.4299226982329695,64.31390819203436,0.026656645851653792,0.08165254285550343
559.7958726406098,0.6796854972839356,-0.5059347848854626,friedman_mse,0.001,12,sqrt,1300,"{'max_features': 'sqrt', 'n_estimators': 1300, 'criterion': 'friedman_mse', 'max_depth': 12, 'learning_rate': 0.001}",108,-0.6090673581345721,-0.6171791413184237,-0.48002487503688546,-0.3998386493461548,-0.42351466088096457,70.53100517738595,0.024659472939846293,0.09136029543411202
692.8930781841278,0.8158860206604004,-0.5078410070540837,friedman_mse,0.001,12,sqrt,1500,"{'max_features': 'sqrt', 'n_estimators': 1500, 'criterion': 'friedman_mse', 'max_depth': 12, 'learning_rate': 0.001}",118,-0.6205480342144394,-0.6314122490481267,-0.4798818229558896,-0.389515429725396,-0.4177936883802027,40.74432013034487,0.030815095578217506,0.10086140143775117
710.0293855190278,0.8854704856872558,-0.5104542628710247,friedman_mse,0.001,12,sqrt,1700,"{'max_features': 'sqrt', 'n_estimators': 1700, 'criterion': 'friedman_mse', 'max_depth': 12, 'learning_rate': 0.001}",134,-0.6310730407993157,-0.6454877378108469,-0.479433037082374,-0.38250894309282674,-0.4137109672298562,92.27682359417717,0.0569992812159874,0.10906491873933348
783.3764875888825,0.9789144039154053,-0.5139314607050851,friedman_mse,0.001,12,sqrt,1900,"{'max_features': 'sqrt', 'n_estimators': 1900, 'criterion': 'friedman_mse', 'max_depth': 12, 'learning_rate': 0.001}",143,-0.6425177911698543,-0.6590425586817266,-0.47998691383823133,-0.3770149860982717,-0.4110336613618509,118.28793636130575,0.057067685395615346,0.1166870849519157
28.63509922027588,0.05661754608154297,-0.5430611609736375,friedman_mse,0.001,12,log2,100,"{'max_features': 'log2', 'n_estimators': 100, 'criterion': 'friedman_mse', 'max_depth': 12, 'learning_rate': 0.001}",209,-0.5562361016447492,-0.5552651843253352,-0.539939341611604,-0.5321635691989736,-0.5316953178317745,0.7779453855158002,0.0020763292681178405,0.01077246832625077
94.88389234542846,0.15531659126281738,-0.5258250753371124,friedman_mse,0.001,12,log2,300,"{'max_features': 'log2', 'n_estimators': 300, 'criterion': 'friedman_mse', 'max_depth': 12, 'learning_rate': 0.001}",174,-0.561157363706173,-0.5590622822127359,-0.5184344615341117,-0.49410658083971176,-0.4963478193126821,9.365415530183197,0.007148543097624585,0.029267259082635486
177.69207015037537,0.265692138671875,-0.5153021793999225,friedman_mse,0.001,12,log2,500,"{'max_features': 'log2', 'n_estimators': 500, 'criterion': 'friedman_mse', 'max_depth': 12, 'learning_rate': 0.001}",147,-0.5673866193400204,-0.5659863694446386,-0.5036312704413457,-0.46707823729293824,-0.4724035332379191,19.064401133853988,0.013389185746429944,0.04378152254649568
227.38537125587465,0.3606306552886963,-0.5095668223901868,friedman_mse,0.001,12,log2,700,"{'max_features': 'log2', 'n_estimators': 700, 'criterion': 'friedman_mse', 'max_depth': 12, 'learning_rate': 0.001}",127,-0.5751863574717605,-0.5766560124505858,-0.49477187658126387,-0.44618203936466644,-0.4550064966316758,21.153762188894394,0.026219443108587658,0.05660522789577218
344.0395180225372,0.47207322120666506,-0.5059404606445754,friedman_mse,0.001,12,log2,900,"{'max_features': 'log2', 'n_estimators': 900, 'criterion': 'friedman_mse', 'max_depth': 12, 'learning_rate': 0.001}",109,-0.5853114304611565,-0.5877100592077644,-0.4869985374382094,-0.4277309355049588,-0.44191344566220003,48.23669091257839,0.026432790963290122,0.06864657444149413
388.75901021957395,0.5661428928375244,-0.5049172284550278,friedman_mse,0.001,12,log2,1100,"{'max_features': 'log2', 'n_estimators': 1100, 'criterion': 'friedman_mse', 'max_depth': 12, 'learning_rate': 0.001}",101,-0.5956201166773656,-0.6005922541924755,-0.4828619896052086,-0.4134021293202126,-0.4320663472097778,36.26351762339132,0.026585755275351845,0.07943593335384218
466.0458917617798,0.6845980167388916,-0.5057558655059998,friedman_mse,0.001,12,log2,1300,"{'max_features': 'log2', 'n_estimators': 1300, 'criterion': 'friedman_mse', 'max_depth': 12, 'learning_rate': 0.001}",106,-0.6044060513950651,-0.6136630612266223,-0.4818665657432745,-0.40366192787936517,-0.4251346216504901,51.70827124819306,0.05586248901915187,0.08817075761385021
489.45958480834963,0.7617908000946045,-0.5079568407589518,friedman_mse,0.001,12,log2,1500,"{'max_features': 'log2', 'n_estimators': 1500, 'criterion': 'friedman_mse', 'max_depth': 12, 'learning_rate': 0.001}",119,-0.6172044587219269,-0.6272676080356561,-0.4812085021433874,-0.3942898206340928,-0.41976165497682905,28.698785319553437,0.03540111541340071,0.09755543197495109
591.8995102882385,0.8925387859344482,-0.5100856731492583,friedman_mse,0.001,12,log2,1700,"{'max_features': 'log2', 'n_estimators': 1700, 'criterion': 'friedman_mse', 'max_depth': 12, 'learning_rate': 0.001}",132,-0.6276087822872879,-0.6403233556543007,-0.4797318107547287,-0.3869553045749083,-0.4157530021341069,30.66471356100176,0.036269823932741044,0.10559915038103529
653.1707746505738,1.006925678253174,-0.5130427456920913,friedman_mse,0.001,12,log2,1900,"{'max_features': 'log2', 'n_estimators': 1900, 'criterion': 'friedman_mse', 'max_depth': 12, 'learning_rate': 0.001}",142,-0.6372671432699497,-0.6535945619138784,-0.48133944994388905,-0.380471163942359,-0.4124820995801255,67.68811009554345,0.06866468831412793,0.1130314546310982
4.630073404312133,0.019282960891723634,-0.5229870016391533,friedman_mse,0.003,3,auto,100,"{'max_features': 'auto', 'n_estimators': 100, 'criterion': 'friedman_mse', 'max_depth': 3, 'learning_rate': 0.003}",166,-0.5569245774510787,-0.5691910784689119,-0.50960429725071,-0.48889484607206046,-0.49030400576569944,0.1790251706204918,0.0006101769816045067,0.033752427523134176
14.336758947372436,0.034707498550415036,-0.4994045198253448,friedman_mse,0.003,3,auto,300,"{'max_features': 'auto', 'n_estimators': 300, 'criterion': 'friedman_mse', 'max_depth': 3, 'learning_rate': 0.003}",73,-0.5649297550207308,-0.6054092848374473,-0.47099746000123843,-0.41939162430313837,-0.436263190535811,1.3357286439015845,0.0031658658080981573,0.07311076052830805
24.167386627197267,0.05004086494445801,-0.4963827429010403,friedman_mse,0.003,3,auto,500,"{'max_features': 'auto', 'n_estimators': 500, 'criterion': 'friedman_mse', 'max_depth': 3, 'learning_rate': 0.003}",50,-0.5765677200566655,-0.6442549900104737,-0.45636315324816423,-0.3892197039361187,-0.41546986366478195,2.5558801374104423,0.0024344659651096725,0.09790475357606349
31.14791374206543,0.06477417945861816,-0.49663159822859326,friedman_mse,0.003,3,auto,700,"{'max_features': 'auto', 'n_estimators': 700, 'criterion': 'friedman_mse', 'max_depth': 3, 'learning_rate': 0.003}",54,-0.5818094306020924,-0.6726982345131497,-0.44948762655473884,-0.37430733971886093,-0.40481469237175466,1.4192676329176606,0.0036869471624531303,0.11302053913044013
43.219652605056766,0.08163585662841796,-0.49573195143314286,friedman_mse,0.003,3,auto,900,"{'max_features': 'auto', 'n_estimators': 900, 'criterion': 'friedman_mse', 'max_depth': 3, 'learning_rate': 0.003}",43,-0.5849365624251884,-0.6816801220313627,-0.44683124981812783,-0.3652132352205371,-0.39995599773925355,2.9372290598891904,0.0037015005869732,0.11927333235892569
47.25508394241333,0.09052915573120117,-0.494537137763118,friedman_mse,0.003,3,auto,1100,"{'max_features': 'auto', 'n_estimators': 1100, 'criterion': 'friedman_mse', 'max_depth': 3, 'learning_rate': 0.003}",30,-0.5854164420145399,-0.6863168693270246,-0.4456948129012071,-0.35818676845009395,-0.39702740662439423,2.632576815592318,0.0031767628428426556,0.12289864837262468
59.768661403656004,0.10791897773742676,-0.49373531355739836,friedman_mse,0.003,3,auto,1300,"{'max_features': 'auto', 'n_estimators': 1300, 'criterion': 'friedman_mse', 'max_depth': 3, 'learning_rate': 0.003}",25,-0.5877015879145681,-0.6880048186260236,-0.4447388220554293,-0.35366761036138106,-0.394518865485423,2.2843317832896304,0.004750362883935715,0.12524420065852923
68.75488657951355,0.12127490043640136,-0.49346955569232065,friedman_mse,0.003,3,auto,1500,"{'max_features': 'auto', 'n_estimators': 1500, 'criterion': 'friedman_mse', 'max_depth': 3, 'learning_rate': 0.003}",20,-0.5916211548838228,-0.6887107928517567,-0.4438881720100124,-0.3496039168235497,-0.3934768803029691,7.4721657669919255,0.005451245757808739,0.12720371226445762
72.75679545402527,0.13538408279418945,-0.4936888286853029,friedman_mse,0.003,3,auto,1700,"{'max_features': 'auto', 'n_estimators': 1700, 'criterion': 'friedman_mse', 'max_depth': 3, 'learning_rate': 0.003}",24,-0.596436925176571,-0.6906735212017729,-0.4429607703848852,-0.34579985863458296,-0.39252401188332603,2.922435011246096,0.006997859985185046,0.12964255468245653
82.21961340904235,0.1517712116241455,-0.4937759500392708,friedman_mse,0.003,3,auto,1900,"{'max_features': 'auto', 'n_estimators': 1900, 'criterion': 'friedman_mse', 'max_depth': 3, 'learning_rate': 0.003}",26,-0.600527914888482,-0.6914395744087912,-0.4418873887244145,-0.34315272283934833,-0.3918211815793623,3.9350947277603616,0.005893230715252465,0.13133061388208225
1.3642139911651612,0.01913485527038574,-0.5385330787451921,friedman_mse,0.003,3,sqrt,100,"{'max_features': 'sqrt', 'n_estimators': 100, 'criterion': 'friedman_mse', 'max_depth': 3, 'learning_rate': 0.003}",198,-0.5543541506066092,-0.557512713790534,-0.5310179335819285,-0.5258295147553459,-0.5239435273644901,0.04105619250047708,0.0014857906627210548,0.014430979824984478
4.0413733959198,0.03428926467895508,-0.5173823238063656,friedman_mse,0.003,3,sqrt,300,"{'max_features': 'sqrt', 'n_estimators': 300, 'criterion': 'friedman_mse', 'max_depth': 3, 'learning_rate': 0.003}",153,-0.5564530212088455,-0.5672581506075794,-0.5010897799240676,-0.4766014864047641,-0.485490526936988,0.0641124230201413,0.0018895972119944674,0.037308959064608994
6.564450216293335,0.04866185188293457,-0.505898112420574,friedman_mse,0.003,3,sqrt,500,"{'max_features': 'sqrt', 'n_estimators': 500, 'criterion': 'friedman_mse', 'max_depth': 3, 'learning_rate': 0.003}",107,-0.5609680360207288,-0.5837530319638867,-0.48143171368197385,-0.447091973900694,-0.4562195139007813,0.3674330463098436,0.0024892619619832643,0.05589055600629833
9.199071884155273,0.06554217338562011,-0.4996698395345627,friedman_mse,0.003,3,sqrt,700,"{'max_features': 'sqrt', 'n_estimators': 700, 'criterion': 'friedman_mse', 'max_depth': 3, 'learning_rate': 0.003}",76,-0.5677821180580312,-0.5983182858307912,-0.4714298736019783,-0.4234167828000952,-0.43736961779322164,0.2493703894783183,0.0034173657299659496,0.0705180560926801
10.928340673446655,0.07930545806884766,-0.4960783403342228,friedman_mse,0.003,3,sqrt,900,"{'max_features': 'sqrt', 'n_estimators': 900, 'criterion': 'friedman_mse', 'max_depth': 3, 'learning_rate': 0.003}",45,-0.575198688796358,-0.6115804650457385,-0.46307392030105304,-0.40444349774243693,-0.4260573544938294,0.5264167274232016,0.0024750368976686346,0.08244960656173514
13.997990942001342,0.09684810638427735,-0.4933679715928896,friedman_mse,0.003,3,sqrt,1100,"{'max_features': 'sqrt', 'n_estimators': 1100, 'criterion': 'friedman_mse', 'max_depth': 3, 'learning_rate': 0.003}",18,-0.5783147482969871,-0.6231608361084946,-0.4571103058004545,-0.3923389496546213,-0.41587446103695075,0.421387001073993,0.0018645002494553603,0.09120125254538608
16.315226602554322,0.10870351791381835,-0.49291824285121083,friedman_mse,0.003,3,sqrt,1300,"{'max_features': 'sqrt', 'n_estimators': 1300, 'criterion': 'friedman_mse', 'max_depth': 3, 'learning_rate': 0.003}",15,-0.5848493936792792,-0.6337651995113118,-0.45226402958696993,-0.3824199130241474,-0.4112487867614225,1.3159771127458886,0.004851599992072777,0.09881408895030458
18.75789909362793,0.12524733543395997,-0.4927246824471896,friedman_mse,0.003,3,sqrt,1500,"{'max_features': 'sqrt', 'n_estimators': 1500, 'criterion': 'friedman_mse', 'max_depth': 3, 'learning_rate': 0.003}",13,-0.5911113730808284,-0.6462921117656617,-0.4508553113992311,-0.36990268420402217,-0.40541495795443877,0.9223014172708355,0.005221732250041375,0.10744606221290182
20.82243409156799,0.14531402587890624,-0.4936357874592393,friedman_mse,0.003,3,sqrt,1700,"{'max_features': 'sqrt', 'n_estimators': 1700, 'criterion': 'friedman_mse', 'max_depth': 3, 'learning_rate': 0.003}",23,-0.5966221686863477,-0.6552631309977819,-0.4474475323918693,-0.3664475182516647,-0.40234941705627314,1.3985427818178298,0.006861657503767082,0.11258065340155868
24.24001760482788,0.1571350574493408,-0.49296849137711674,friedman_mse,0.003,3,sqrt,1900,"{'max_features': 'sqrt', 'n_estimators': 1900, 'criterion': 'friedman_mse', 'max_depth': 3, 'learning_rate': 0.003}",16,-0.6018373938418672,-0.6603200491345537,-0.44541976571285313,-0.35735206096733374,-0.39986120876038433,1.879392305522191,0.003762629273610406,0.11762627120544415
1.2091380596160888,0.01815342903137207,-0.5402630715495483,friedman_mse,0.003,3,log2,100,"{'max_features': 'log2', 'n_estimators': 100, 'criterion': 'friedman_mse', 'max_depth': 3, 'learning_rate': 0.003}",202,-0.5533837617103823,-0.557905360195264,-0.5344192464950059,-0.5289852876532016,-0.52661543733955,0.09252717728372839,0.0017663644783897166,0.012891875900088397
3.381825828552246,0.03308525085449219,-0.5198650963629425,friedman_mse,0.003,3,log2,300,"{'max_features': 'log2', 'n_estimators': 300, 'criterion': 'friedman_mse', 'max_depth': 3, 'learning_rate': 0.003}",161,-0.5571954721060002,-0.5653197726381411,-0.5049631752878595,-0.48528436883558806,-0.48654486989830875,0.247885799669018,0.0017306141256641793,0.03460609649933512
5.838777017593384,0.049744367599487305,-0.5096973896775945,friedman_mse,0.003,3,log2,500,"{'max_features': 'log2', 'n_estimators': 500, 'criterion': 'friedman_mse', 'max_depth': 3, 'learning_rate': 0.003}",128,-0.5617921496656482,-0.5775556935278945,-0.4886414635431435,-0.45482539595970795,-0.46564737352161534,0.530960194332035,0.0024911239186210165,0.05042496761419955
8.08288893699646,0.06509876251220703,-0.5014035557066894,friedman_mse,0.003,3,log2,700,"{'max_features': 'log2', 'n_estimators': 700, 'criterion': 'friedman_mse', 'max_depth': 3, 'learning_rate': 0.003}",84,-0.5670026306896818,-0.5878956076499848,-0.4754687885521755,-0.43207286541359236,-0.4445465665455187,0.5975745179408398,0.004342540270960237,0.06402544034602292
10.029918193817139,0.07974834442138672,-0.49864176219178646,friedman_mse,0.003,3,log2,900,"{'max_features': 'log2', 'n_estimators': 900, 'criterion': 'friedman_mse', 'max_depth': 3, 'learning_rate': 0.003}",70,-0.5754868870649502,-0.6048375979817476,-0.46712469664080897,-0.4154213492688853,-0.4303015909956776,0.8852625827248268,0.00646523163038964,0.07716481943951899
12.9700026512146,0.09606256484985351,-0.49655344218949027,friedman_mse,0.003,3,log2,1100,"{'max_features': 'log2', 'n_estimators': 1100, 'criterion': 'friedman_mse', 'max_depth': 3, 'learning_rate': 0.003}",52,-0.5806088496710902,-0.6188161894631168,-0.46062740892863335,-0.3998114711153518,-0.4228631602784587,0.8157570970035691,0.0031594288489844267,0.08728479042765133
14.973657369613647,0.10967659950256348,-0.4955772033798476,friedman_mse,0.003,3,log2,1300,"{'max_features': 'log2', 'n_estimators': 1300, 'criterion': 'friedman_mse', 'max_depth': 3, 'learning_rate': 0.003}",40,-0.5878342597202023,-0.6262611944911731,-0.456219143140273,-0.39120549105654734,-0.4163218811974922,0.7586026554482376,0.002763082738106662,0.09414182872286998
16.98390727043152,0.12716355323791503,-0.494171607423924,friedman_mse,0.003,3,log2,1500,"{'max_features': 'log2', 'n_estimators': 1500, 'criterion': 'friedman_mse', 'max_depth': 3, 'learning_rate': 0.003}",29,-0.5899370116266346,-0.6350526488201685,-0.4533300237941334,-0.38040288090031144,-0.41208974965600276,1.1685927069321436,0.004164861746633557,0.10036616871091748
18.33901677131653,0.13896594047546387,-0.4948542159596143,friedman_mse,0.003,3,log2,1700,"{'max_features': 'log2', 'n_estimators': 1700, 'criterion': 'friedman_mse', 'max_depth': 3, 'learning_rate': 0.003}",33,-0.5973356078853237,-0.6465213576116894,-0.45029209703753353,-0.37416332373846933,-0.4059097647153512,0.5636895806771204,0.004286798302547173,0.10767360483803425
22.571315670013426,0.15917582511901857,-0.49501937991772,friedman_mse,0.003,3,log2,1900,"{'max_features': 'log2', 'n_estimators': 1900, 'criterion': 'friedman_mse', 'max_depth': 3, 'learning_rate': 0.003}",34,-0.6014391261357189,-0.6550111085931652,-0.44800732123930626,-0.36683732312077416,-0.40375121135844716,1.5475569168021162,0.005196148548806191,0.11304200430580831
18.86379919052124,0.02750430107116699,-0.518649819455581,friedman_mse,0.003,6,auto,100,"{'max_features': 'auto', 'n_estimators': 100, 'criterion': 'friedman_mse', 'max_depth': 6, 'learning_rate': 0.003}",156,-0.5622152116932295,-0.5603207261384812,-0.5055328496635421,-0.479119068363129,-0.48604044151871756,1.7701698132671009,0.0011799699302131514,0.03586866730536944
53.49361300468445,0.05860452651977539,-0.49479330317386583,friedman_mse,0.003,6,auto,300,"{'max_features': 'auto', 'n_estimators': 300, 'criterion': 'friedman_mse', 'max_depth': 6, 'learning_rate': 0.003}",32,-0.5850546683078116,-0.5958677001384289,-0.46226449319604407,-0.40156305533720044,-0.4291735044209331,6.008872516595461,0.002163375358561845,0.08052316732995446
90.774778175354,0.08770437240600586,-0.4917764200538162,friedman_mse,0.003,6,auto,500,"{'max_features': 'auto', 'n_estimators': 500, 'criterion': 'friedman_mse', 'max_depth': 6, 'learning_rate': 0.003}",5,-0.6073583619465507,-0.6348192497256808,-0.44623317879525054,-0.36386058244541836,-0.40655554380789116,7.883084070729449,0.005122902960453985,0.10910579931857504
121.81162557601928,0.12022724151611328,-0.4931299831215217,friedman_mse,0.003,6,auto,700,"{'max_features': 'auto', 'n_estimators': 700, 'criterion': 'friedman_mse', 'max_depth': 6, 'learning_rate': 0.003}",17,-0.620099687363329,-0.664460783644936,-0.44011071308382,-0.3436960661757757,-0.39722204480776363,12.096356648362931,0.008174140281264366,0.12634515875034638
167.43339238166809,0.15545196533203126,-0.4956288717563795,friedman_mse,0.003,6,auto,900,"{'max_features': 'auto', 'n_estimators': 900, 'criterion': 'friedman_mse', 'max_depth': 6, 'learning_rate': 0.003}",41,-0.630957003933651,-0.6842643272788674,-0.43714721795763656,-0.3320698474738483,-0.393641350950414,25.72125963623358,0.009621879004351819,0.1374553556969454
197.8649920940399,0.18030529022216796,-0.4967368229959535,friedman_mse,0.003,6,auto,1100,"{'max_features': 'auto', 'n_estimators': 1100, 'criterion': 'friedman_mse', 'max_depth': 6, 'learning_rate': 0.003}",57,-0.6363026514394917,-0.6931128481667674,-0.4363162067777383,-0.3250313626277026,-0.3928544115309972,23.635510943219415,0.008672205922623445,0.1428052508858668
220.48330430984498,0.20961418151855468,-0.49816750642863705,friedman_mse,0.003,6,auto,1300,"{'max_features': 'auto', 'n_estimators': 1300, 'criterion': 'friedman_mse', 'max_depth': 6, 'learning_rate': 0.003}",67,-0.6420043468677158,-0.6977284831304772,-0.4363892066835699,-0.3215241738899248,-0.3931226479785449,27.48376158726942,0.00939564002795293,0.14599121173103152
253.73662114143372,0.2406038761138916,-0.49984115874963864,friedman_mse,0.003,6,auto,1500,"{'max_features': 'auto', 'n_estimators': 1500, 'criterion': 'friedman_mse', 'max_depth': 6, 'learning_rate': 0.003}",77,-0.6495688633546775,-0.7009581690191516,-0.4368713539152897,-0.317797528433714,-0.39393839289282045,26.69436220212585,0.010748264774614257,0.14912209710945673
280.90614342689514,0.27140297889709475,-0.5008778524996882,friedman_mse,0.003,6,auto,1700,"{'max_features': 'auto', 'n_estimators': 1700, 'criterion': 'friedman_mse', 'max_depth': 6, 'learning_rate': 0.003}",82,-0.6544943665535319,-0.7029205120046622,-0.43742606692364633,-0.3149720253198771,-0.3945029488874355,37.738113777108204,0.02420905731528147,0.15121001664850242
321.7260241508484,0.3227993488311768,-0.502839646150946,friedman_mse,0.003,6,auto,1900,"{'max_features': 'auto', 'n_estimators': 1900, 'criterion': 'friedman_mse', 'max_depth': 6, 'learning_rate': 0.003}",92,-0.6623914140749282,-0.705610843545037,-0.4382492904426227,-0.31259199644692764,-0.39527850970287787,30.237645067311952,0.02352295313939056,0.15395404726890421
4.384184455871582,0.02791914939880371,-0.5290944802251205,friedman_mse,0.003,6,sqrt,100,"{'max_features': 'sqrt', 'n_estimators': 100, 'criterion': 'friedman_mse', 'max_depth': 6, 'learning_rate': 0.003}",183,-0.5547417206344795,-0.5580151058857317,-0.5183740932149326,-0.5059354693377353,-0.5083937670107518,0.334609257247601,0.0005376560371559459,0.02268937108459479
11.92632155418396,0.06065831184387207,-0.5029814740156211,friedman_mse,0.003,6,sqrt,300,"{'max_features': 'sqrt', 'n_estimators': 300, 'criterion': 'friedman_mse', 'max_depth': 6, 'learning_rate': 0.003}",93,-0.5643281328113744,-0.5762526974643841,-0.47977628243536063,-0.4444425270199081,-0.450078440942067,1.4143063832678846,0.003992580324114943,0.05638507561657556
19.763818407058714,0.0902073860168457,-0.49351781506378467,friedman_mse,0.003,6,sqrt,500,"{'max_features': 'sqrt', 'n_estimators': 500, 'criterion': 'friedman_mse', 'max_depth': 6, 'learning_rate': 0.003}",21,-0.5778496750873251,-0.5991619928092223,-0.4625891856850318,-0.40348580089856023,-0.42446215735822856,2.4103829779393147,0.004231753180136811,0.080129785233101
26.403083848953248,0.12279257774353028,-0.49075825851864024,friedman_mse,0.003,6,sqrt,700,"{'max_features': 'sqrt', 'n_estimators': 700, 'criterion': 'friedman_mse', 'max_depth': 6, 'learning_rate': 0.003}",1,-0.5894743679805632,-0.621332647101766,-0.453211449924357,-0.3796274444467506,-0.41009825202997124,2.1402363059758174,0.004777064371667178,0.09701603724381189
36.67638907432556,0.1559537887573242,-0.4918455963096877,friedman_mse,0.003,6,sqrt,900,"{'max_features': 'sqrt', 'n_estimators': 900, 'criterion': 'friedman_mse', 'max_depth': 6, 'learning_rate': 0.003}",6,-0.6064213642413442,-0.640180209996792,-0.4476826025086278,-0.3630275459256606,-0.40186155571634247,3.2532624026045753,0.003488444233250769,0.11115099729122575
43.136323881149295,0.189339542388916,-0.4938209124329645,friedman_mse,0.003,6,sqrt,1100,"{'max_features': 'sqrt', 'n_estimators': 1100, 'criterion': 'friedman_mse', 'max_depth': 6, 'learning_rate': 0.003}",27,-0.6175661688615589,-0.6555962903570285,-0.44634365757648314,-0.3523780974628384,-0.3971612668582486,4.289785758237474,0.005421645489506157,0.12090305214762283
52.24625768661499,0.21630029678344725,-0.49617672457406975,friedman_mse,0.003,6,sqrt,1300,"{'max_features': 'sqrt', 'n_estimators': 1300, 'criterion': 'friedman_mse', 'max_depth': 6, 'learning_rate': 0.003}",47,-0.6294285750318545,-0.6687265342059847,-0.4452493636275663,-0.3432606742238277,-0.3941548558954827,4.799589039204788,0.009275348374584253,0.12954947567285607
58.5508650302887,0.2511270523071289,-0.4977654980610135,friedman_mse,0.003,6,sqrt,1500,"{'max_features': 'sqrt', 'n_estimators': 1500, 'criterion': 'friedman_mse', 'max_depth': 6, 'learning_rate': 0.003}",66,-0.6362281344131919,-0.674427198793462,-0.44475030376068325,-0.3397290437382468,-0.3936267018714566,5.98299970794475,0.015055696474597043,0.13342633363154774
60.458688259124756,0.2725665092468262,-0.5012589458584366,friedman_mse,0.003,6,sqrt,1700,"{'max_features': 'sqrt', 'n_estimators': 1700, 'criterion': 'friedman_mse', 'max_depth': 6, 'learning_rate': 0.003}",83,-0.6476181189547859,-0.685696599940576,-0.4449701128607987,-0.3347160245681665,-0.39322399511008704,3.435233914226669,0.00590600502727774,0.1400111793087015
68.88906145095825,0.3105474472045898,-0.5025493853995036,friedman_mse,0.003,6,sqrt,1900,"{'max_features': 'sqrt', 'n_estimators': 1900, 'criterion': 'friedman_mse', 'max_depth': 6, 'learning_rate': 0.003}",89,-0.6537522482299145,-0.690062841821536,-0.4449800184823584,-0.3303638778260301,-0.39351575020424356,5.125058531922675,0.010734903688864907,0.14343995868646808
3.721856689453125,0.02845597267150879,-0.5305738671362475,friedman_mse,0.003,6,log2,100,"{'max_features': 'log2', 'n_estimators': 100, 'criterion': 'friedman_mse', 'max_depth': 6, 'learning_rate': 0.003}",189,-0.5552585610454608,-0.5576569296746064,-0.5214718564826197,-0.5121955833419557,-0.5062746196537073,0.082621487737489,0.0021885981522701534,0.02169771360068371
10.747216176986694,0.06036291122436523,-0.5051997629669553,friedman_mse,0.003,6,log2,300,"{'max_features': 'log2', 'n_estimators': 300, 'criterion': 'friedman_mse', 'max_depth': 6, 'learning_rate': 0.003}",103,-0.5635282413871873,-0.5737988384225496,-0.4856411313613459,-0.44713933870872646,-0.45586341655276186,0.404013523173978,0.0015024527443782492,0.05347136022840776
16.88225350379944,0.08836264610290527,-0.4954747510704626,friedman_mse,0.003,6,log2,500,"{'max_features': 'log2', 'n_estimators': 500, 'criterion': 'friedman_mse', 'max_depth': 6, 'learning_rate': 0.003}",37,-0.5765478596130231,-0.5943263991376314,-0.4674319685037729,-0.409737913688084,-0.4292909067905406,1.7740505754826434,0.0013028788730438403,0.07597681694685218
24.589021253585816,0.12198486328125,-0.49260302576476056,friedman_mse,0.003,6,log2,700,"{'max_features': 'log2', 'n_estimators': 700, 'criterion': 'friedman_mse', 'max_depth': 6, 'learning_rate': 0.003}",11,-0.5890744939816877,-0.6169117106204309,-0.45732529334206395,-0.3853965049235968,-0.414261066529804,0.6952068673414074,0.0037526967491976165,0.09341829500389517
30.973768854141234,0.15391359329223633,-0.4918767030339087,friedman_mse,0.003,6,log2,900,"{'max_features': 'log2', 'n_estimators': 900, 'criterion': 'friedman_mse', 'max_depth': 6, 'learning_rate': 0.003}",7,-0.6010667636398556,-0.6330413470784291,-0.4504960873021919,-0.36890793295389324,-0.40581925239254496,2.8681282575272182,0.00252845181918453,0.10591489131103501
35.92045006752014,0.18564586639404296,-0.49359284272146564,friedman_mse,0.003,6,log2,1100,"{'max_features': 'log2', 'n_estimators': 1100, 'criterion': 'friedman_mse', 'max_depth': 6, 'learning_rate': 0.003}",22,-0.6122722310201868,-0.6496010411286866,-0.44837220784810317,-0.35687421612653236,-0.40078785508787834,2.969579565338895,0.007310045652945492,0.11642444992011484
41.85585470199585,0.21043796539306642,-0.4960808866454946,friedman_mse,0.003,6,log2,1300,"{'max_features': 'log2', 'n_estimators': 1300, 'criterion': 'friedman_mse', 'max_depth': 6, 'learning_rate': 0.003}",46,-0.6237925356892917,-0.6634573336444418,-0.4466063826609947,-0.34887349526536915,-0.3976137112005846,5.481980002230142,0.0054330249852460105,0.12501119422717163
54.36565804481506,0.2546975612640381,-0.496871553632523,friedman_mse,0.003,6,log2,1500,"{'max_features': 'log2', 'n_estimators': 1500, 'criterion': 'friedman_mse', 'max_depth': 6, 'learning_rate': 0.003}",60,-0.6326816189753982,-0.6688058723950442,-0.4457208918529092,-0.34251672512174336,-0.39456781853542733,3.173016276883991,0.005610967991278896,0.13031833263163525
60.738314151763916,0.28754191398620604,-0.5003994742407111,friedman_mse,0.003,6,log2,1700,"{'max_features': 'log2', 'n_estimators': 1700, 'criterion': 'friedman_mse', 'max_depth': 6, 'learning_rate': 0.003}",81,-0.6427282975486388,-0.6801848544339993,-0.4451619996131265,-0.3388049276030341,-0.3950493384008851,5.615823237602442,0.015655554803679455,0.136267171675678
63.65180335044861,0.33423724174499514,-0.502568686264336,friedman_mse,0.003,6,log2,1900,"{'max_features': 'log2', 'n_estimators': 1900, 'criterion': 'friedman_mse', 'max_depth': 6, 'learning_rate': 0.003}",90,-0.6548582406159843,-0.6833272633328998,-0.44543419275008256,-0.33555017619674726,-0.39360084916153504,6.201749358042545,0.03258627816962516,0.14064204429519947
67.16987614631653,0.040451574325561526,-0.5218178781857623,friedman_mse,0.003,9,auto,100,"{'max_features': 'auto', 'n_estimators': 100, 'criterion': 'friedman_mse', 'max_depth': 9, 'learning_rate': 0.003}",164,-0.5679417417253846,-0.5593010591093045,-0.5092525166496148,-0.4803362058677819,-0.492235846157036,17.673658276084005,0.0022835085760733458,0.03545850851758467
218.0559440612793,0.10500202178955079,-0.5060930446848373,friedman_mse,0.003,9,auto,300,"{'max_features': 'auto', 'n_estimators': 300, 'criterion': 'friedman_mse', 'max_depth': 9, 'learning_rate': 0.003}",112,-0.606011819142491,-0.5973103503560889,-0.47307820865003575,-0.40888147679347014,-0.44513566317082887,54.879063462642534,0.015058612976139689,0.08069930162677573
261.7140923023224,0.15452303886413574,-0.5099554240045043,friedman_mse,0.003,9,auto,500,"{'max_features': 'auto', 'n_estimators': 500, 'criterion': 'friedman_mse', 'max_depth': 9, 'learning_rate': 0.003}",131,-0.6423022602142708,-0.6398873629927543,-0.46392467523826675,-0.3741793780164137,-0.4294202557660153,12.144659881275954,0.013272720499762612,0.11085158322637917
485.5401669025421,0.22474489212036133,-0.5193108233569824,friedman_mse,0.003,9,auto,700,"{'max_features': 'auto', 'n_estimators': 700, 'criterion': 'friedman_mse', 'max_depth': 9, 'learning_rate': 0.003}",159,-0.6720700993142322,-0.6769215972884005,-0.4636735740702612,-0.3579962558801386,-0.4258196567031341,84.25740817850172,0.024156596361094407,0.13117771879752269
657.5353725910187,0.28685302734375,-0.5303018439741972,friedman_mse,0.003,9,auto,900,"{'max_features': 'auto', 'n_estimators': 900, 'criterion': 'friedman_mse', 'max_depth': 9, 'learning_rate': 0.003}",188,-0.6944400559750556,-0.7096692047275789,-0.4680201646937843,-0.3501790232974351,-0.42912240487873143,140.35789725045348,0.024646123779081933,0.14538039187743432
766.85704164505,0.3457392692565918,-0.5409309673132406,friedman_mse,0.003,9,auto,1100,"{'max_features': 'auto', 'n_estimators': 1100, 'criterion': 'friedman_mse', 'max_depth': 9, 'learning_rate': 0.003}",204,-0.7186775214852105,-0.7327064150638025,-0.47268033138330096,-0.3470460742871536,-0.43345963086897377,159.38141336348286,0.03172648845893839,0.15631677263772717
761.4667020320892,0.3922410011291504,-0.5487562253172695,friedman_mse,0.003,9,auto,1300,"{'max_features': 'auto', 'n_estimators': 1300, 'criterion': 'friedman_mse', 'max_depth': 9, 'learning_rate': 0.003}",216,-0.7350117504336809,-0.751084774358353,-0.47615093556111954,-0.34163509814046106,-0.43980964208408346,147.0447661600973,0.03859567996536293,0.1647249936951531
1001.2826198577881,0.464517879486084,-0.5547871324012463,friedman_mse,0.003,9,auto,1500,"{'max_features': 'auto', 'n_estimators': 1500, 'criterion': 'friedman_mse', 'max_depth': 9, 'learning_rate': 0.003}",221,-0.7521934091246075,-0.7592699111052384,-0.4795910654071639,-0.3388059581537956,-0.4439810683817074,125.4827313499663,0.02422515528713239,0.17050951261067876
1065.2567526817322,0.5037520885467529,-0.5620106226038263,friedman_mse,0.003,9,auto,1700,"{'max_features': 'auto', 'n_estimators': 1700, 'criterion': 'friedman_mse', 'max_depth': 9, 'learning_rate': 0.003}",224,-0.7667128934682702,-0.7716343062185598,-0.48467596440868993,-0.33784887676441605,-0.4490833389193461,192.3702565425643,0.031273035171297835,0.17597274736251564
1548.2367533683778,0.6018316745758057,-0.5686797482624878,friedman_mse,0.003,9,auto,1900,"{'max_features': 'auto', 'n_estimators': 1900, 'criterion': 'friedman_mse', 'max_depth': 9, 'learning_rate': 0.003}",227,-0.7791259248632803,-0.7818129776945104,-0.4897895041099007,-0.3370777675746523,-0.4554920914546254,217.85146835880096,0.03349520524880933,0.1802185331801715
13.627499771118163,0.04134416580200195,-0.5248299183694322,friedman_mse,0.003,9,sqrt,100,"{'max_features': 'sqrt', 'n_estimators': 100, 'criterion': 'friedman_mse', 'max_depth': 9, 'learning_rate': 0.003}",172,-0.5595182788316038,-0.5584449384173354,-0.5154626244924964,-0.49324120223020307,-0.49746598623290483,1.9276276478627556,0.0017946852080651132,0.028871461370062898
43.272047185897826,0.10286712646484375,-0.5001883941854794,friedman_mse,0.003,9,sqrt,300,"{'max_features': 'sqrt', 'n_estimators': 300, 'criterion': 'friedman_mse', 'max_depth': 9, 'learning_rate': 0.003}",79,-0.576563087226536,-0.5814852858302136,-0.4772613636977021,-0.42545263359263075,-0.44014313617685763,9.446584272022902,0.00535275682953391,0.06657246122334798
71.0973892211914,0.16859397888183594,-0.4954911303749088,friedman_mse,0.003,9,sqrt,500,"{'max_features': 'sqrt', 'n_estimators': 500, 'criterion': 'friedman_mse', 'max_depth': 9, 'learning_rate': 0.003}",39,-0.5978483460027946,-0.6125268041826256,-0.4637301793672478,-0.38748751283619715,-0.4158139399628201,9.452445745567115,0.010560987072557374,0.09294860939387405
89.71892614364624,0.21746344566345216,-0.49868913987189195,friedman_mse,0.003,9,sqrt,700,"{'max_features': 'sqrt', 'n_estimators': 700, 'criterion': 'friedman_mse', 'max_depth': 9, 'learning_rate': 0.003}",71,-0.6204305195950469,-0.6422474272048146,-0.45959357459703537,-0.3656332592920328,-0.4054827943545959,21.690818963902434,0.012509865549347977,0.11256173924855377
136.22681093215942,0.2989149570465088,-0.5040347154721012,friedman_mse,0.003,9,sqrt,900,"{'max_features': 'sqrt', 'n_estimators': 900, 'criterion': 'friedman_mse', 'max_depth': 9, 'learning_rate': 0.003}",97,-0.6401874776315598,-0.6672146539373089,-0.45927078239578467,-0.35236322526967273,-0.4010724332266053,20.086066209842638,0.01720440563483965,0.12710286121413797
141.95146656036377,0.33677034378051757,-0.5102448898582647,friedman_mse,0.003,9,sqrt,1100,"{'max_features': 'sqrt', 'n_estimators': 1100, 'criterion': 'friedman_mse', 'max_depth': 9, 'learning_rate': 0.003}",133,-0.6584111375553305,-0.6868887366095027,-0.4609414960871987,-0.3436576776904858,-0.40125466071968335,22.01254414307578,0.01694143213152198,0.137999035221593
162.83603324890137,0.3992445945739746,-0.5168956982067077,friedman_mse,0.003,9,sqrt,1300,"{'max_features': 'sqrt', 'n_estimators': 1300, 'criterion': 'friedman_mse', 'max_depth': 9, 'learning_rate': 0.003}",150,-0.6738883743170965,-0.7048085596536813,-0.4648744020483295,-0.3398488786853789,-0.4009833216018568,40.05574223969583,0.03397487284816509,0.14659257954489005
188.23017506599427,0.45621776580810547,-0.5223065877227039,friedman_mse,0.003,9,sqrt,1500,"{'max_features': 'sqrt', 'n_estimators': 1500, 'criterion': 'friedman_mse', 'max_depth': 9, 'learning_rate': 0.003}",165,-0.6853579627057605,-0.7195895804382647,-0.46650680889155954,-0.33585454295850736,-0.4041461962214882,39.11502619495487,0.022903169095771978,0.15319769994460658
232.3179102420807,0.5304422378540039,-0.5281840935276612,friedman_mse,0.003,9,sqrt,1700,"{'max_features': 'sqrt', 'n_estimators': 1700, 'criterion': 'friedman_mse', 'max_depth': 9, 'learning_rate': 0.003}",181,-0.6974803847743762,-0.7328236942308533,-0.47123416223521947,-0.33319769890403017,-0.40610369851734235,33.137209502341285,0.015479351063144022,0.15918969631125163
250.24816431999207,0.5850821971893311,-0.5347931961842152,friedman_mse,0.003,9,sqrt,1900,"{'max_features': 'sqrt', 'n_estimators': 1900, 'criterion': 'friedman_mse', 'max_depth': 9, 'learning_rate': 0.003}",196,-0.7119498764083515,-0.7439399710799647,-0.4754065110682979,-0.3335698740815387,-0.40901516643512004,53.396764859446456,0.024717772781087093,0.16429648554285578
11.18699140548706,0.04041290283203125,-0.5262040438314051,friedman_mse,0.003,9,log2,100,"{'max_features': 'log2', 'n_estimators': 100, 'criterion': 'friedman_mse', 'max_depth': 9, 'learning_rate': 0.003}",176,-0.5580928957961693,-0.558181412191603,-0.5177989873772078,-0.49766815150498667,-0.4992635472443445,1.6481779448997829,0.0026230192419838517,0.027019697980418717
32.57402858734131,0.09888854026794433,-0.5020876532795717,friedman_mse,0.003,9,log2,300,"{'max_features': 'log2', 'n_estimators': 300, 'criterion': 'friedman_mse', 'max_depth': 9, 'learning_rate': 0.003}",87,-0.5748144135103637,-0.5792867150527582,-0.48112031781884146,-0.4322082060775081,-0.44297389120731473,4.145786360832403,0.00586843349878008,0.06335091016915449
53.506729698181154,0.15806832313537597,-0.4966481596596547,friedman_mse,0.003,9,log2,500,"{'max_features': 'log2', 'n_estimators': 500, 'criterion': 'friedman_mse', 'max_depth': 9, 'learning_rate': 0.003}",55,-0.595797769087382,-0.6094106311810629,-0.46823013784816525,-0.3919687241644835,-0.41778619793676547,4.779229621872143,0.004273589960002637,0.09003490489783197
75.03968386650085,0.21570863723754882,-0.49885502731704084,friedman_mse,0.003,9,log2,700,"{'max_features': 'log2', 'n_estimators': 700, 'criterion': 'friedman_mse', 'max_depth': 9, 'learning_rate': 0.003}",72,-0.6159348402685401,-0.6379440298803756,-0.4607068236430378,-0.3723135940800222,-0.4073199500200077,7.352771478225582,0.005626475073080088,0.10853666996432172
105.71844830513001,0.2854635715484619,-0.5038500082086715,friedman_mse,0.003,9,log2,900,"{'max_features': 'log2', 'n_estimators': 900, 'criterion': 'friedman_mse', 'max_depth': 9, 'learning_rate': 0.003}",96,-0.6349243319383642,-0.6622557133253713,-0.4616333377197667,-0.3577285662934612,-0.40264551152111905,19.751288004006664,0.018545666682633934,0.12300398200956601
123.87972040176392,0.34055361747741697,-0.5094030065606311,friedman_mse,0.003,9,log2,1100,"{'max_features': 'log2', 'n_estimators': 1100, 'criterion': 'friedman_mse', 'max_depth': 9, 'learning_rate': 0.003}",126,-0.6523068481033477,-0.6841051587645642,-0.4621114747642048,-0.3472304066102804,-0.40119291641965393,16.8804405466694,0.01725699760901817,0.1350475895689594
130.07448816299438,0.3905217170715332,-0.5147940911797004,friedman_mse,0.003,9,log2,1300,"{'max_features': 'log2', 'n_estimators': 1300, 'criterion': 'friedman_mse', 'max_depth': 9, 'learning_rate': 0.003}",146,-0.6678552202337384,-0.6975853318590305,-0.4645986350212505,-0.34185635069702935,-0.40200184044168863,1.8668542544987874,0.009516378294794618,0.14282221889004937
195.41017365455627,0.4775687694549561,-0.5216439673392792,friedman_mse,0.003,9,log2,1500,"{'max_features': 'log2', 'n_estimators': 1500, 'criterion': 'friedman_mse', 'max_depth': 9, 'learning_rate': 0.003}",162,-0.6827892510039778,-0.7158306917689616,-0.467602192630787,-0.3386398208989001,-0.40328094304181655,40.6972258108314,0.015575719695999198,0.15106199122337352
176.4982974052429,0.5130093097686768,-0.527312820714803,friedman_mse,0.003,9,log2,1700,"{'max_features': 'log2', 'n_estimators': 1700, 'criterion': 'friedman_mse', 'max_depth': 9, 'learning_rate': 0.003}",179,-0.6946477471979181,-0.7277459644891727,-0.47136775835955624,-0.33684999355455386,-0.40587274743212026,25.418880334474643,0.013747015319631068,0.15641594576182952
209.52934646606445,0.5812702178955078,-0.5325689797937464,friedman_mse,0.003,9,log2,1900,"{'max_features': 'log2', 'n_estimators': 1900, 'criterion': 'friedman_mse', 'max_depth': 9, 'learning_rate': 0.003}",194,-0.708099783726638,-0.7383042334405978,-0.4739363783637955,-0.33466867782622084,-0.40775202002354327,39.49264403044148,0.035409712697042864,0.16206283560326096
145.64351253509523,0.05727949142456055,-0.5292998960523634,friedman_mse,0.003,12,auto,100,"{'max_features': 'auto', 'n_estimators': 100, 'criterion': 'friedman_mse', 'max_depth': 12, 'learning_rate': 0.003}",184,-0.5740564104605619,-0.561104926256836,-0.5213002217382563,-0.48906094277987683,-0.5009556104350191,28.689601661078996,0.00851871433837913,0.033171382971014594
528.8653186321259,0.16129007339477539,-0.5310569549719621,friedman_mse,0.003,12,auto,300,"{'max_features': 'auto', 'n_estimators': 300, 'criterion': 'friedman_mse', 'max_depth': 12, 'learning_rate': 0.003}",191,-0.6199358528209153,-0.604986128038932,-0.51162311849289,-0.4425584772685506,-0.47613876381605985,119.58301765042263,0.01623584472364473,0.07013140047381447
924.556020116806,0.26125335693359375,-0.5504906594776413,friedman_mse,0.003,12,auto,500,"{'max_features': 'auto', 'n_estimators': 500, 'criterion': 'friedman_mse', 'max_depth': 12, 'learning_rate': 0.003}",219,-0.6677801334924511,-0.6635286547705765,-0.5144673811290715,-0.42983041166622044,-0.47679071753589547,207.47761978710264,0.024841226212067778,0.0978004743346813
1318.5410556316376,0.3814971446990967,-0.5742005212051429,friedman_mse,0.003,12,auto,700,"{'max_features': 'auto', 'n_estimators': 700, 'criterion': 'friedman_mse', 'max_depth': 12, 'learning_rate': 0.003}",229,-0.7134394022349283,-0.7219876055586265,-0.5273096043755972,-0.42011532681015057,-0.4880841887074145,258.54378052237865,0.05311865446032096,0.12213734102079533
1733.2812263011933,0.41958985328674314,-0.5977684072448965,friedman_mse,0.003,12,auto,900,"{'max_features': 'auto', 'n_estimators': 900, 'criterion': 'friedman_mse', 'max_depth': 12, 'learning_rate': 0.003}",233,-0.7535096680398349,-0.7762413640461884,-0.5447366964399493,-0.4112492152278456,-0.5030307352203448,338.5064763035997,0.038670946569372935,0.1433085549366679
1921.415827035904,0.5098870277404786,-0.6244305336542457,friedman_mse,0.003,12,auto,1100,"{'max_features': 'auto', 'n_estimators': 1100, 'criterion': 'friedman_mse', 'max_depth': 12, 'learning_rate': 0.003}",236,-0.7917697289028758,-0.8308350476079192,-0.5660834829464427,-0.4129967204671736,-0.5203877937680402,236.99870153450246,0.0165206813167846,0.160959471317169
2069.318417882919,0.5575092792510986,-0.644238946824131,friedman_mse,0.003,12,auto,1300,"{'max_features': 'auto', 'n_estimators': 1300, 'criterion': 'friedman_mse', 'max_depth': 12, 'learning_rate': 0.003}",237,-0.81913267970432,-0.876732491233959,-0.5821053879864243,-0.41177136287737515,-0.5313693108944275,157.27861447214553,0.021574675850134544,0.17622834828301917
2237.5858582019805,0.6151411533355713,-0.6666837981010405,friedman_mse,0.003,12,auto,1500,"{'max_features': 'auto', 'n_estimators': 1500, 'criterion': 'friedman_mse', 'max_depth': 12, 'learning_rate': 0.003}",238,-0.8556952900482533,-0.9255553161521111,-0.6006960011842728,-0.4097626672348273,-0.5416194740657589,129.5948361774988,0.042899580229303416,0.19428987773718384
2395.530281352997,0.6878800392150879,-0.6843697221938617,friedman_mse,0.003,12,auto,1700,"{'max_features': 'auto', 'n_estimators': 1700, 'criterion': 'friedman_mse', 'max_depth': 12, 'learning_rate': 0.003}",239,-0.8804137244743494,-0.9569035678077314,-0.6171776175746013,-0.413954054103033,-0.5533060475814338,149.10892395103738,0.04995938792235899,0.20372706284002318
2521.0976694107057,0.7678817272186279,-0.705774439080084,friedman_mse,0.003,12,auto,1900,"{'max_features': 'auto', 'n_estimators': 1900, 'criterion': 'friedman_mse', 'max_depth': 12, 'learning_rate': 0.003}",240,-0.9144605134804319,-1.003974950770436,-0.630284533081875,-0.4183629195646445,-0.5616896432323708,68.1416469674504,0.051971380411805594,0.21978884747083668
37.473159837722775,0.06214251518249512,-0.524582615258352,friedman_mse,0.003,12,sqrt,100,"{'max_features': 'sqrt', 'n_estimators': 100, 'criterion': 'friedman_mse', 'max_depth': 12, 'learning_rate': 0.003}",170,-0.5615799769349912,-0.5593577485764681,-0.5176936437029371,-0.4902990431115227,-0.49396499991156695,3.048188906399887,0.0038375547835137257,0.0307849811808982
114.73722310066223,0.1594229221343994,-0.5048631862961025,friedman_mse,0.003,12,sqrt,300,"{'max_features': 'sqrt', 'n_estimators': 300, 'criterion': 'friedman_mse', 'max_depth': 12, 'learning_rate': 0.003}",100,-0.5878361244680145,-0.588817107194941,-0.4853744408828238,-0.42356476966991763,-0.4386838745891548,9.787969361502155,0.007840455914568377,0.07113731115669543
223.93536491394042,0.28066220283508303,-0.5085734971224019,friedman_mse,0.003,12,sqrt,500,"{'max_features': 'sqrt', 'n_estimators': 500, 'criterion': 'friedman_mse', 'max_depth': 12, 'learning_rate': 0.003}",125,-0.6224327799220591,-0.6317866617140133,-0.4800759234324925,-0.389574654376519,-0.4189431050865725,37.24872208854149,0.023456899810328134,0.10114659525300275
296.98388051986694,0.3835097312927246,-0.5185174818586434,friedman_mse,0.003,12,sqrt,700,"{'max_features': 'sqrt', 'n_estimators': 700, 'criterion': 'friedman_mse', 'max_depth': 12, 'learning_rate': 0.003}",155,-0.6519590805837151,-0.6735682797697845,-0.48316155183105186,-0.3724928236961043,-0.4113419629333416,33.82269330829848,0.028582872940086546,0.12321403970597877
351.6987074375153,0.4766194820404053,-0.5320491400244208,friedman_mse,0.003,12,sqrt,900,"{'max_features': 'sqrt', 'n_estimators': 900, 'criterion': 'friedman_mse', 'max_depth': 12, 'learning_rate': 0.003}",193,-0.682830010627737,-0.7142325805654739,-0.48976852093683476,-0.36266942072820424,-0.4106731783067745,48.430518142043574,0.03324244254650206,0.14222245838189548
568.2916251659393,0.6466045379638672,-0.5485289772642226,friedman_mse,0.003,12,sqrt,1100,"{'max_features': 'sqrt', 'n_estimators': 1100, 'criterion': 'friedman_mse', 'max_depth': 12, 'learning_rate': 0.003}",215,-0.7180749066479045,-0.7551898234141218,-0.5009773958223922,-0.3574976302288667,-0.4108241820438823,42.38303209228218,0.041565010876018105,0.16073123936919284
503.566175365448,0.6828548431396484,-0.5630712290847694,friedman_mse,0.003,12,sqrt,1300,"{'max_features': 'sqrt', 'n_estimators': 1300, 'criterion': 'friedman_mse', 'max_depth': 12, 'learning_rate': 0.003}",225,-0.7429844807140157,-0.792062503948217,-0.5095578898947928,-0.3543211046920666,-0.41634426822697307,55.1418917825058,0.023095531700464272,0.17480030945300182
657.5448114871979,0.8280607223510742,-0.5776555416472513,friedman_mse,0.003,12,sqrt,1500,"{'max_features': 'sqrt', 'n_estimators': 1500, 'criterion': 'friedman_mse', 'max_depth': 12, 'learning_rate': 0.003}",230,-0.7699623464009782,-0.822157199812088,-0.52271703573024,-0.35331606567984963,-0.42003324547595405,77.77468982586322,0.04314493364896231,0.18705889269773132
692.9429616451264,0.8993637561798096,-0.5929686518798772,friedman_mse,0.003,12,sqrt,1700,"{'max_features': 'sqrt', 'n_estimators': 1700, 'criterion': 'friedman_mse', 'max_depth': 12, 'learning_rate': 0.003}",232,-0.795413006241297,-0.8561605672997492,-0.533556375661732,-0.35521910299405984,-0.42439755198442414,107.89902861945636,0.03157330403732695,0.19936156832915744
785.5011184692382,0.9200739383697509,-0.6079739882046704,friedman_mse,0.003,12,sqrt,1900,"{'max_features': 'sqrt', 'n_estimators': 1900, 'criterion': 'friedman_mse', 'max_depth': 12, 'learning_rate': 0.003}",235,-0.8202113313387861,-0.8879134699396883,-0.5466909975203307,-0.35611162915725536,-0.4288411822756304,77.31299929370805,0.0816216399240047,0.21104021426953584
39.21711912155151,0.06242303848266602,-0.5256039824795806,friedman_mse,0.003,12,log2,100,"{'max_features': 'log2', 'n_estimators': 100, 'criterion': 'friedman_mse', 'max_depth': 12, 'learning_rate': 0.003}",173,-0.5611520007480721,-0.5590701055976464,-0.5185651143761127,-0.49351805056966075,-0.4956976690279825,9.186951778292766,0.003470350452431609,0.029520401522501686
125.17037806510925,0.17253775596618653,-0.5060383284709825,friedman_mse,0.003,12,log2,300,"{'max_features': 'log2', 'n_estimators': 300, 'criterion': 'friedman_mse', 'max_depth': 12, 'learning_rate': 0.003}",111,-0.5852114308186572,-0.587461935467536,-0.4882767730283466,-0.4272717546483522,-0.4419319479134583,23.909189463006324,0.010367282516238877,0.06859767351603634
172.10414838790894,0.26123766899108886,-0.5082662871142395,friedman_mse,0.003,12,log2,500,"{'max_features': 'log2', 'n_estimators': 500, 'criterion': 'friedman_mse', 'max_depth': 12, 'learning_rate': 0.003}",123,-0.6165300461915205,-0.6281461586193944,-0.4818398173515158,-0.3947014057662773,-0.4200623180941117,28.15631177395303,0.019392947962680776,0.09743569086284938
283.9652443408966,0.3879645824432373,-0.5170668485190415,friedman_mse,0.003,12,log2,700,"{'max_features': 'log2', 'n_estimators': 700, 'criterion': 'friedman_mse', 'max_depth': 12, 'learning_rate': 0.003}",151,-0.648632684397581,-0.6666757450567748,-0.48425473888592374,-0.3755044958158798,-0.4102037635257622,33.067916003184926,0.012517126538953684,0.12019152337279362
336.1574462890625,0.47811317443847656,-0.5308284689070892,friedman_mse,0.003,12,log2,900,"{'max_features': 'log2', 'n_estimators': 900, 'criterion': 'friedman_mse', 'max_depth': 12, 'learning_rate': 0.003}",190,-0.6807448994790781,-0.7086569426258346,-0.4906336048239643,-0.36632661789254817,-0.4077087034759823,30.622800011680358,0.0201567695541046,0.13995302343097585
401.2922995567322,0.5611483097076416,-0.5458411795822473,friedman_mse,0.003,12,log2,1100,"{'max_features': 'log2', 'n_estimators': 1100, 'criterion': 'friedman_mse', 'max_depth': 12, 'learning_rate': 0.003}",213,-0.7109336423659386,-0.7475355926842877,-0.5004108841601562,-0.3608306177734813,-0.40941633903060337,40.78597054606917,0.05780393137685765,0.1567431002174786
429.05788507461546,0.6159009456634521,-0.5589587187276225,friedman_mse,0.003,12,log2,1300,"{'max_features': 'log2', 'n_estimators': 1300, 'criterion': 'friedman_mse', 'max_depth': 12, 'learning_rate': 0.003}",222,-0.7387241861089996,-0.779229916751199,-0.5092978481848529,-0.3562483097477846,-0.41120750545574114,14.894640956033138,0.049247116479785025,0.17101147506171718
453.5659983634949,0.684241247177124,-0.5734440907070977,friedman_mse,0.003,12,log2,1500,"{'max_features': 'log2', 'n_estimators': 1500, 'criterion': 'friedman_mse', 'max_depth': 12, 'learning_rate': 0.003}",228,-0.7612548425649774,-0.8130779447778654,-0.5197081650463069,-0.35669360001575595,-0.41639623259305203,21.884294846388386,0.059794235704399144,0.18288274351060246
457.45392990112305,0.71097412109375,-0.5885898268995668,friedman_mse,0.003,12,log2,1700,"{'max_features': 'log2', 'n_estimators': 1700, 'criterion': 'friedman_mse', 'max_depth': 12, 'learning_rate': 0.003}",231,-0.7908784622784468,-0.843977945488713,-0.5315302467930298,-0.35734743105393046,-0.4191184680122034,15.447127477419484,0.020131457353062075,0.19575209226579343
456.93778405189516,0.7868387222290039,-0.6032637246192651,friedman_mse,0.003,12,log2,1900,"{'max_features': 'log2', 'n_estimators': 1900, 'criterion': 'friedman_mse', 'max_depth': 12, 'learning_rate': 0.003}",234,-0.8135230339718892,-0.8751541833009817,-0.5432086774557316,-0.3584469855448007,-0.4258853564255237,13.64793423096161,0.019159852213383927,0.2064650495973792
