mean_fit_time,mean_score_time,mean_test_score,param_C,param_gamma,param_kernel,param_probability,params,rank_test_score,split0_test_score,split1_test_score,split2_test_score,split3_test_score,split4_test_score,std_fit_time,std_score_time,std_test_score
850.4125889778137,5.65110764503479,-0.52913937858352,2,auto,rbf,True,"{'kernel': 'rbf', 'gamma': 'auto', 'probability': True, 'C': 2}",12,-0.6552269817341699,-0.6221203315390237,-0.4841726621889218,-0.4274894461280429,-0.4566272719466105,56.72009513810662,0.3323566232889603,0.09182573263708275
1462.643958234787,7.855438899993897,-0.5351042354169716,2,0.1,rbf,True,"{'kernel': 'rbf', 'gamma': 0.1, 'probability': True, 'C': 2}",19,-0.5888188559553909,-0.5928071116935932,-0.5159731425027627,-0.481010790579534,-0.496885630795908,82.95500422018804,0.2517615854884609,0.04683582784436846
364.76010313034055,4.603741073608399,-0.5253773994175003,2,0.01,rbf,True,"{'kernel': 'rbf', 'gamma': 0.01, 'probability': True, 'C': 2}",6,-0.676510621873314,-0.6292650477925097,-0.47023902220630825,-0.40741892303845795,-0.44338122499264043,28.686747459629277,0.23432696855776458,0.1070674012613002
305.78052816390993,3.932683324813843,-0.5470895606635331,2,0.001,rbf,True,"{'kernel': 'rbf', 'gamma': 0.001, 'probability': True, 'C': 2}",50,-0.6759340700521345,-0.6296283729598765,-0.4822738032419867,-0.45568117145425513,-0.49186886996874024,9.604427034147148,0.09978132382859196,0.08834439823493237
301.6123998641968,3.884077310562134,-0.5466812768591442,2,0.0001,rbf,True,"{'kernel': 'rbf', 'gamma': 0.0001, 'probability': True, 'C': 2}",49,-0.7088471082312254,-0.653095040199031,-0.4768435732503702,-0.428398323404372,-0.466144914607537,25.71327904953773,0.12836570070881648,0.11223409019165452
313.0405202865601,3.8240187644958494,-0.5655694493364148,2,1e-05,rbf,True,"{'kernel': 'rbf', 'gamma': 1e-05, 'probability': True, 'C': 2}",63,-0.7250300873215748,-0.6941197183128194,-0.46635602325058645,-0.5052280582391826,-0.43703722652473576,17.392264411078795,0.0679998689160994,0.11996920856398063
271.9637475013733,3.844960069656372,-0.6042092607117079,2,1e-06,rbf,True,"{'kernel': 'rbf', 'gamma': 1e-06, 'probability': True, 'C': 2}",80,-0.7449557678908196,-0.6964003937726001,-0.5119282525416043,-0.5648082084661363,-0.5028864827459708,14.777234579793152,0.045249721999698234,0.09863886617554722
253.27815327644348,3.729918670654297,-0.5795718358088412,2,1e-07,rbf,True,"{'kernel': 'rbf', 'gamma': 1e-07, 'probability': True, 'C': 2}",69,-0.6071280251245548,-0.6013383924360931,-0.5781268807256376,-0.5649293938502128,-0.5463233304554203,20.110649468064523,0.06134658199719822,0.02260618153293976
219.63335781097413,3.7446107387542726,-0.5813854343103076,2,1e-08,rbf,True,"{'kernel': 'rbf', 'gamma': 1e-08, 'probability': True, 'C': 2}",71,-0.6334058056974061,-0.5805829356667257,-0.5765077604747153,-0.5593635540780877,-0.557042278980802,6.255589018021342,0.22831626497449528,0.027600853102062416
221.08505487442017,3.7622769832611085,-1.4429864666205197,2,1e-09,rbf,True,"{'kernel': 'rbf', 'gamma': 1e-09, 'probability': True, 'C': 2}",90,-0.7916582473978068,-3.079195623783967,-0.5533231254183322,-1.011776830517041,-1.7792894767275012,2.8131416944536003,0.009233982353789498,0.9156149258058744
1087.4481189250946,5.632834100723267,-0.5338311902162808,4,auto,rbf,True,"{'kernel': 'rbf', 'gamma': 'auto', 'probability': True, 'C': 4}",18,-0.6492465579351193,-0.6284669785254232,-0.49190871671495723,-0.43864306505670086,-0.46083552883024,64.09487695495105,0.2252226741712147,0.08766523791810558
1474.8259953022002,7.692007541656494,-0.5365388856161462,4,0.1,rbf,True,"{'kernel': 'rbf', 'gamma': 0.1, 'probability': True, 'C': 4}",28,-0.5920279222361119,-0.5927353830621851,-0.515892372376382,-0.48327076697650856,-0.49874149069303303,44.18036530267411,0.10694191099308073,0.046754507641046585
460.6548812389374,4.520271110534668,-0.5271480216486432,4,0.01,rbf,True,"{'kernel': 'rbf', 'gamma': 0.01, 'probability': True, 'C': 4}",9,-0.6797557965303174,-0.6482310332385308,-0.4724636135472771,-0.3995726517061257,-0.43564415202503187,48.4018391876533,0.292790499570104,0.11453724464462713
315.75251512527467,3.9659415245056153,-0.5371106962665343,4,0.001,rbf,True,"{'kernel': 'rbf', 'gamma': 0.001, 'probability': True, 'C': 4}",30,-0.6749492676483067,-0.6402091358348587,-0.4759659459670037,-0.4331159342583161,-0.46124738785031133,18.828435698805347,0.18923466456613625,0.09994187795372572
322.6458693504334,3.9052321910858154,-0.5480450984933439,4,0.0001,rbf,True,"{'kernel': 'rbf', 'gamma': 0.0001, 'probability': True, 'C': 4}",53,-0.7062313437655147,-0.660843010380459,-0.4771040879702805,-0.43181115943693216,-0.46416036632758345,34.4446189720236,0.04567090086711472,0.11254488925619476
317.5877546787262,3.8481629371643065,-0.5580212118735088,4,1e-05,rbf,True,"{'kernel': 'rbf', 'gamma': 1e-05, 'probability': True, 'C': 4}",62,-0.722808279838255,-0.6906418621375355,-0.4620787970895112,-0.4796944828316096,-0.43480396138184585,13.288511439155942,0.03619036210034242,0.1226958077379089
305.97243695259095,3.8009737968444823,-0.587061166537607,4,1e-06,rbf,True,"{'kernel': 'rbf', 'gamma': 1e-06, 'probability': True, 'C': 4}",73,-0.728914562629917,-0.6888814524508731,-0.4973633342309661,-0.5450187997790726,-0.4750599569817409,15.646214693286073,0.03806481861586782,0.10281230451148748
276.87518444061277,3.733758735656738,-0.5986905310585889,4,1e-07,rbf,True,"{'kernel': 'rbf', 'gamma': 1e-07, 'probability': True, 'C': 4}",77,-0.665923020295231,-0.637526507546499,-0.5721068738893678,-0.5664941772785247,-0.5513699767420297,17.887264955695446,0.05051367059722872,0.04474857238519226
225.69841027259827,3.6552484035491943,-0.7268840747887038,4,1e-08,rbf,True,"{'kernel': 'rbf', 'gamma': 1e-08, 'probability': True, 'C': 4}",86,-0.8772919853641389,-0.8361655490549508,-0.7127430356413658,-0.6146458497257831,-0.5935021432665781,12.248886548988281,0.09234461731586127,0.11415575949406986
219.35395126342775,3.6943395137786865,-0.7904682639969862,4,1e-09,rbf,True,"{'kernel': 'rbf', 'gamma': 1e-09, 'probability': True, 'C': 4}",89,-0.6464070069997672,-1.3732138064440225,-0.5519016440704647,-0.7335763971397874,-0.6473112460694892,9.432143109627166,0.08461113076946594,0.29697086179155463
1542.7292130470275,5.5743523120880125,-0.5379783732688931,8,auto,rbf,True,"{'kernel': 'rbf', 'gamma': 'auto', 'probability': True, 'C': 8}",32,-0.6406735673395293,-0.6240402480442224,-0.5000689301290312,-0.45300931974031095,-0.47205077020377506,88.11995279832833,0.36574286265443673,0.0786871565609797
1506.7954218387604,7.9483339309692385,-0.5356131692113255,8,0.1,rbf,True,"{'kernel': 'rbf', 'gamma': 0.1, 'probability': True, 'C': 8}",20,-0.5905300458225252,-0.5900425067013501,-0.5159723991957987,-0.48260583944022717,-0.4988888353328153,102.53279362374134,0.18044229852776283,0.04587606072809383
696.6895105838776,4.529733657836914,-0.533033565095578,8,0.01,rbf,True,"{'kernel': 'rbf', 'gamma': 0.01, 'probability': True, 'C': 8}",16,-0.6847868052257003,-0.6581221730517294,-0.4786398095410529,-0.4050692114863227,-0.4384773729670061,57.429924082872255,0.2348434811660207,0.11571969340870845
303.99143834114074,3.8594675064086914,-0.5289093927852373,8,0.001,rbf,True,"{'kernel': 'rbf', 'gamma': 0.001, 'probability': True, 'C': 8}",11,-0.672641330979037,-0.6475707194173106,-0.4692418489079129,-0.4129789587965688,-0.4420454823170285,19.514552517243903,0.2372023107729748,0.1088935284989021
329.42447276115416,3.86247878074646,-0.5460486573314445,8,0.0001,rbf,True,"{'kernel': 'rbf', 'gamma': 0.0001, 'probability': True, 'C': 8}",48,-0.7048358044618926,-0.6607368500373085,-0.47653871451230795,-0.425993091992937,-0.46206301417169265,40.7584889425442,0.16786616987942615,0.11372876625856505
313.2903971672058,3.90152907371521,-0.551187463003769,8,1e-05,rbf,True,"{'kernel': 'rbf', 'gamma': 1e-05, 'probability': True, 'C': 8}",56,-0.7247037380000836,-0.6885343922690312,-0.4622901493670044,-0.4452551810993567,-0.43507101051397407,13.634936345403846,0.08772669031004822,0.12773885247940267
302.5721797943115,3.887398433685303,-0.5854522165400106,8,1e-06,rbf,True,"{'kernel': 'rbf', 'gamma': 1e-06, 'probability': True, 'C': 8}",72,-0.7321386153509278,-0.6974123262629084,-0.4837986811879803,-0.5588435035642246,-0.45499792224529834,6.380707243252033,0.09564924435971374,0.11145949507887035
279.38324189186096,3.80776686668396,-0.5989149979457205,8,1e-07,rbf,True,"{'kernel': 'rbf', 'gamma': 1e-07, 'probability': True, 'C': 8}",78,-0.6877994484277262,-0.6402403017961054,-0.5575691704564256,-0.5711857352120405,-0.5377378967627869,17.341263810230593,0.09252866182157606,0.05626990975817287
237.40739178657532,3.7640281677246095,-0.6998263733231492,8,1e-08,rbf,True,"{'kernel': 'rbf', 'gamma': 1e-08, 'probability': True, 'C': 8}",85,-0.8191580552529208,-0.779556968179536,-0.6884252209202574,-0.5821204202699704,-0.6298142281654514,11.797029733368282,0.20727795933148427,0.0888666692229752
219.88961448669434,3.7111357688903808,-0.7361297351358126,8,1e-09,rbf,True,"{'kernel': 'rbf', 'gamma': 1e-09, 'probability': True, 'C': 8}",87,-0.7116871930451322,-1.0578036570947573,-0.5874943894123962,-0.7698779058342764,-0.5537972001622024,10.945923888639776,0.10447684988977164,0.1791831825236989
1647.313476896286,5.517016506195068,-0.5418266659839155,16,auto,rbf,True,"{'kernel': 'rbf', 'gamma': 'auto', 'probability': True, 'C': 16}",39,-0.6393476568709132,-0.6234045716799546,-0.5051683061333628,-0.4631697134578716,-0.47799652126618986,257.8774655486899,0.12026769922338922,0.07452815034794298
1570.1314861774445,7.938751888275147,-0.5356974607529331,16,0.1,rbf,True,"{'kernel': 'rbf', 'gamma': 0.1, 'probability': True, 'C': 16}",21,-0.5901077229736109,-0.5907854394080183,-0.5159876839366252,-0.482957409722846,-0.4986230700380932,126.95071707536798,0.13385732312146945,0.04591310871562346
998.6526274681091,4.484256362915039,-0.5387299913351951,16,0.01,rbf,True,"{'kernel': 'rbf', 'gamma': 0.01, 'probability': True, 'C': 16}",34,-0.6757528163507672,-0.6553485349772629,-0.4894220287436075,-0.42584219175536314,-0.44721896454579196,86.48919185556063,0.31440630010684667,0.10576196046285136
297.1812479496002,3.7694843769073487,-0.523329350708086,16,0.001,rbf,True,"{'kernel': 'rbf', 'gamma': 0.001, 'probability': True, 'C': 16}",5,-0.6729765872281963,-0.655960808919603,-0.46409402964357127,-0.3907808166234963,-0.4327630634117794,24.841635447991383,0.13587121541548952,0.11770273248143971
316.01010875701905,3.780706548690796,-0.5474318959162188,16,0.0001,rbf,True,"{'kernel': 'rbf', 'gamma': 0.0001, 'probability': True, 'C': 16}",51,-0.7067241168448004,-0.6630344268493843,-0.4780845995723588,-0.42447012646354637,-0.46477015722702264,44.2519098440576,0.05982935587911411,0.11445997003690236
332.5286482334137,3.8480464935302736,-0.5422904124823078,16,1e-05,rbf,True,"{'kernel': 'rbf', 'gamma': 1e-05, 'probability': True, 'C': 16}",42,-0.7192461899555509,-0.6874319673348609,-0.4605173186673484,-0.411562851606407,-0.43260924891876196,21.31448226412318,0.14642535795534742,0.1328099685632708
318.12761359214784,3.8575963497161867,-0.5756869976512888,16,1e-06,rbf,True,"{'kernel': 'rbf', 'gamma': 1e-06, 'probability': True, 'C': 16}",68,-0.7225805005163585,-0.693860035653645,-0.47392218560696336,-0.5462969474395892,-0.4417051860712251,20.99200421640722,0.14356561647350052,0.11376965171404635
287.01884751319886,3.815270519256592,-0.6021867554286362,16,1e-07,rbf,True,"{'kernel': 'rbf', 'gamma': 1e-07, 'probability': True, 'C': 16}",79,-0.7088086198791059,-0.6877008537712896,-0.5231583450598987,-0.5656336361648057,-0.5255814166273796,3.739814196113913,0.03508342920005709,0.08016637750329407
228.20122656822204,3.8013895034790037,-0.6411899060391045,16,1e-08,rbf,True,"{'kernel': 'rbf', 'gamma': 1e-08, 'probability': True, 'C': 16}",83,-0.671033036446713,-0.69056905552602,-0.6350541095086596,-0.6289010798024381,-0.580378000580153,4.554816193614029,0.03345209356766453,0.03798789323146499
221.16880402565002,3.668695592880249,-0.7582484851578459,16,1e-09,rbf,True,"{'kernel': 'rbf', 'gamma': 1e-09, 'probability': True, 'C': 16}",88,-0.6615802780567878,-1.1835084255414707,-0.5831446052273507,-0.6198754693512034,-0.7431798009698306,5.071913335097374,0.03572610201188315,0.21918385397994086
1720.7574263095855,5.586274528503418,-0.5414635468788754,32,auto,rbf,True,"{'kernel': 'rbf', 'gamma': 'auto', 'probability': True, 'C': 32}",38,-0.6367684999800989,-0.6217695170705767,-0.5053331580190288,-0.4638821863809218,-0.47951887045957725,164.6008997428035,0.3862208068724022,0.07306885231669093
1533.3287471771241,8.29512972831726,-0.5362493686954292,32,0.1,rbf,True,"{'kernel': 'rbf', 'gamma': 0.1, 'probability': True, 'C': 32}",26,-0.5921776269919432,-0.5914478489826146,-0.5159417822395487,-0.4830026815846238,-0.49865020123950554,107.17225399430137,0.34909625960371043,0.046554497321921705
1176.3388666152955,4.469304990768433,-0.543726994144947,32,0.01,rbf,True,"{'kernel': 'rbf', 'gamma': 0.01, 'probability': True, 'C': 32}",44,-0.6666871037138422,-0.648388490652457,-0.49851444550142804,-0.44464247090498615,-0.4603437537645928,82.24154084386012,0.22199538088839615,0.09475318617180335
327.72605781555177,3.7760571956634523,-0.5220380101648179,32,0.001,rbf,True,"{'kernel': 'rbf', 'gamma': 0.001, 'probability': True, 'C': 32}",2,-0.6814728311227446,-0.6645830598001607,-0.46143675440800064,-0.3759635968728103,-0.42665768791330366,41.9898770213077,0.09006907751087767,0.12637303279697631
298.70064597129823,3.7979032516479494,-0.5440532098546343,32,0.0001,rbf,True,"{'kernel': 'rbf', 'gamma': 0.0001, 'probability': True, 'C': 32}",45,-0.6991280765563616,-0.6651623321615098,-0.47688486935448327,-0.4232753128854912,-0.4557414192288128,29.870278371754406,0.14191194574548927,0.11455890039983375
334.2142580986023,3.776688289642334,-0.539071997521622,32,1e-05,rbf,True,"{'kernel': 'rbf', 'gamma': 1e-05, 'probability': True, 'C': 32}",35,-0.718942083526038,-0.6890866309454786,-0.46312278337557305,-0.3890106377771711,-0.4351119746451031,45.478078874253875,0.08770426748662291,0.13708281737195832
321.09610238075254,3.9481110095977785,-0.5703021779869429,32,1e-06,rbf,True,"{'kernel': 'rbf', 'gamma': 1e-06, 'probability': True, 'C': 32}",65,-0.7199878847869458,-0.6923161196893476,-0.4712334825446255,-0.5294227995353916,-0.4384791372973351,9.514980699660873,0.11725316317557126,0.11503098429353946
326.1494333744049,3.738174486160278,-0.5973231523272144,32,1e-07,rbf,True,"{'kernel': 'rbf', 'gamma': 1e-07, 'probability': True, 'C': 32}",76,-0.7324311800947141,-0.7028393017189892,-0.5143790682307526,-0.5401590054902835,-0.49674270000070386,18.3687430721136,0.03184696701925337,0.0996551041037527
241.00294551849365,3.7789485454559326,-0.6771402431588165,32,1e-08,rbf,True,"{'kernel': 'rbf', 'gamma': 1e-08, 'probability': True, 'C': 32}",84,-0.7442704199289509,-0.7526967787545054,-0.6515899770055865,-0.5655780179622052,-0.6715339714496996,6.8362727669151075,0.03055021581656369,0.06833088543666271
221.3558939933777,3.6946044921875,-0.5727047374354443,32,1e-09,rbf,True,"{'kernel': 'rbf', 'gamma': 1e-09, 'probability': True, 'C': 32}",67,-0.6153187022272528,-0.6028750919520505,-0.5531540746332596,-0.5534549813869971,-0.5387004913272476,3.713341107994847,0.042769874818189585,0.030448957023174184
1611.191441679001,5.571816110610962,-0.5411949330602586,64,auto,rbf,True,"{'kernel': 'rbf', 'gamma': 'auto', 'probability': True, 'C': 64}",37,-0.6369606212706829,-0.6206024402987791,-0.505152075703708,-0.4639144405790704,-0.47929936499108644,123.95915178885694,0.23203777315611107,0.07291211580776766
1531.3528680801392,7.964573240280151,-0.5361365240717896,64,0.1,rbf,True,"{'kernel': 'rbf', 'gamma': 0.1, 'probability': True, 'C': 64}",23,-0.5899811895342483,-0.5920239935904819,-0.5164347178144891,-0.4834885904401331,-0.4987284213331585,98.05247982647732,0.1177278365936134,0.04600513713258108
1455.6511252403259,4.194279193878174,-0.548744433087768,64,0.01,rbf,True,"{'kernel': 'rbf', 'gamma': 0.01, 'probability': True, 'C': 64}",54,-0.6634397867351657,-0.6447910412151963,-0.5073998087255575,-0.4571897539501487,-0.4708470145579866,269.9214200970505,0.17275302392513794,0.08779774547276288
395.4747750759125,3.608236789703369,-0.5220523861159991,64,0.001,rbf,True,"{'kernel': 'rbf', 'gamma': 0.001, 'probability': True, 'C': 64}",3,-0.6812088813224565,-0.6687437798990796,-0.46143573593476733,-0.3752601078246271,-0.4235374377760971,44.197604087544335,0.27595092989086156,0.12789134928195264
306.1058979511261,3.7453675270080566,-0.5362939286426486,64,0.0001,rbf,True,"{'kernel': 'rbf', 'gamma': 0.0001, 'probability': True, 'C': 64}",27,-0.6881833219603536,-0.6648755181544032,-0.47000358349723104,-0.4183569086672747,-0.43997779272279985,34.005539449403365,0.12173777974860525,0.11592114610889696
326.7712940216064,3.8912635326385496,-0.5380976498493315,64,1e-05,rbf,True,"{'kernel': 'rbf', 'gamma': 1e-05, 'probability': True, 'C': 64}",33,-0.7229605281593475,-0.6890154697564437,-0.46094557478673176,-0.3782385447874439,-0.43923987065460934,50.3741091618983,0.0834261294000346,0.14016964327179535
339.8993302345276,3.8219721794128416,-0.5564610477368297,64,1e-06,rbf,True,"{'kernel': 'rbf', 'gamma': 1e-06, 'probability': True, 'C': 64}",60,-0.724989489134737,-0.6850598025646969,-0.4673505473980794,-0.4724103093851007,-0.4324146278279857,15.024720382707313,0.1378977067972299,0.12275061200613127
338.7336163520813,3.7647510528564454,-0.5796636459674058,64,1e-07,rbf,True,"{'kernel': 'rbf', 'gamma': 1e-07, 'probability': True, 'C': 64}",70,-0.7526345745246377,-0.6922441545597783,-0.4990608329877507,-0.5007109822384276,-0.4535851021277442,17.5544223429925,0.08334708163311606,0.11935403807541937
271.41070952415464,3.7509007453918457,-0.5895021022695104,64,1e-08,rbf,True,"{'kernel': 'rbf', 'gamma': 1e-08, 'probability': True, 'C': 64}",74,-0.6903015241304662,-0.6483586553017132,-0.540515695725702,-0.5515235802237348,-0.5167629301975609,18.16853509728827,0.04837937267105781,0.06746898295822505
218.41761403083802,3.671845865249634,-0.6304335833451712,64,1e-09,rbf,True,"{'kernel': 'rbf', 'gamma': 1e-09, 'probability': True, 'C': 64}",82,-0.8053589011914118,-0.6475069115204621,-0.6375842661239446,-0.5260843131453726,-0.5355500082405609,2.50722825555899,0.0362025699741302,0.10083939199747503
1551.9729973316194,5.602809810638428,-0.5424095779376582,128,auto,rbf,True,"{'kernel': 'rbf', 'gamma': 'auto', 'probability': True, 'C': 128}",43,-0.6381980814748399,-0.6250958678058761,-0.5056649693193754,-0.4639925696655068,-0.479050668071756,143.42849014554778,0.17416729968059946,0.07419967248575844
1521.4698159694672,7.977838945388794,-0.5361532957546262,128,0.1,rbf,True,"{'kernel': 'rbf', 'gamma': 0.1, 'probability': True, 'C': 128}",25,-0.5916981319537737,-0.5911990227655053,-0.5160512513082877,-0.4831667207285617,-0.49862483263949103,100.89761401240575,0.2037724041860858,0.04633737936948872
1437.7492037296295,4.117376899719238,-0.5511411766262914,128,0.01,rbf,True,"{'kernel': 'rbf', 'gamma': 0.01, 'probability': True, 'C': 128}",55,-0.6596083559729983,-0.6416486223863802,-0.5126744355541445,-0.46457299513766714,-0.47714968741072883,257.4509212773735,0.11693061686315565,0.08295485406570956
495.7286452770233,3.5124207973480224,-0.5286903849471732,128,0.001,rbf,True,"{'kernel': 'rbf', 'gamma': 0.001, 'probability': True, 'C': 128}",10,-0.7003347322532013,-0.6762219390241546,-0.4653550464921988,-0.3766626871231898,-0.42479556980860006,74.32976838993932,0.18287828621703436,0.13352963224467865
307.8833115577698,3.679100751876831,-0.5299875156737146,128,0.0001,rbf,True,"{'kernel': 'rbf', 'gamma': 0.0001, 'probability': True, 'C': 128}",14,-0.6765318972263203,-0.6667346156982075,-0.46441625566861566,-0.41109547369665717,-0.43108936979490875,31.849738501455075,0.21362877993245488,0.11695682833552697
338.77201466560365,3.8177669525146483,-0.5296681143725733,128,1e-05,rbf,True,"{'kernel': 'rbf', 'gamma': 1e-05, 'probability': True, 'C': 128}",13,-0.7052039860876279,-0.6812468397957627,-0.46058996991118833,-0.3678092724931322,-0.4334066955676522,60.757304753653194,0.05521615398205242,0.13713571395311863
340.12216901779175,3.7580626964569093,-0.5456324684158628,128,1e-06,rbf,True,"{'kernel': 'rbf', 'gamma': 1e-06, 'probability': True, 'C': 128}",47,-0.7205514909407484,-0.6944431804581369,-0.46718044659403435,-0.41427537373827455,-0.4316283368496596,35.222717872744646,0.02300898145547807,0.13353182054858825
339.71927614212035,3.7317659854888916,-0.5528262075215968,128,1e-07,rbf,True,"{'kernel': 'rbf', 'gamma': 1e-07, 'probability': True, 'C': 128}",59,-0.7393732244431973,-0.6847369273523156,-0.47656380557557654,-0.4424424637071986,-0.4209255513509321,20.458151838431004,0.059607531250489475,0.13236826274193414
313.4180220127106,3.7519922733306883,-0.5714244520471032,128,1e-08,rbf,True,"{'kernel': 'rbf', 'gamma': 1e-08, 'probability': True, 'C': 128}",66,-0.7323614209745692,-0.682883191181203,-0.5135909341211056,-0.47465964348054374,-0.453550232584121,20.964697000455978,0.0451208468868421,0.11395823784562696
237.1449026584625,3.698840618133545,-0.6298478742174904,128,1e-09,rbf,True,"{'kernel': 'rbf', 'gamma': 1e-09, 'probability': True, 'C': 128}",81,-0.842712720590621,-0.6965426451777607,-0.5775396246130569,-0.4991466245518655,-0.5331961257667656,14.913093155072385,0.06891280550377632,0.1256457414016609
1459.9268459796906,4.216191577911377,-0.5418534266898403,256,auto,rbf,True,"{'kernel': 'rbf', 'gamma': 'auto', 'probability': True, 'C': 256}",40,-0.636804326200671,-0.6222415568209824,-0.506233708556834,-0.46486417516512585,-0.4790780332610852,120.38264056832863,0.08792116482944536,0.07296101268467967
1412.8713947296142,5.7839079856872555,-0.5361470916084221,256,0.1,rbf,True,"{'kernel': 'rbf', 'gamma': 0.1, 'probability': True, 'C': 256}",24,-0.5905844334684817,-0.5917945371629546,-0.5164128585879781,-0.4832119652451424,-0.49870567296315405,41.55719414590312,0.04029475206638248,0.046160345127223286
1318.3605245113372,3.43074426651001,-0.5522797193828264,256,0.01,rbf,True,"{'kernel': 'rbf', 'gamma': 0.01, 'probability': True, 'C': 256}",58,-0.6619615927840078,-0.6406952690780008,-0.5127002566281934,-0.4673275771810328,-0.47866153462871686,160.54057113153056,0.2274446306623487,0.08252630157422618
682.7829061031341,3.4611229419708254,-0.5372534226931167,256,0.001,rbf,True,"{'kernel': 'rbf', 'gamma': 0.001, 'probability': True, 'C': 256}",31,-0.7123944463834874,-0.684934214309773,-0.4741794297815882,-0.38816883930697677,-0.42650656419285804,70.54896912840202,0.25073451594979806,0.13487724960400463
335.7503807067871,3.594808292388916,-0.5260030909253942,256,0.0001,rbf,True,"{'kernel': 'rbf', 'gamma': 0.0001, 'probability': True, 'C': 256}",7,-0.6695583030937995,-0.6662877040816275,-0.46054809888848425,-0.4064980002423109,-0.42705480918865624,26.850131758260044,0.2517573623355829,0.11717315466528166
350.4783495426178,3.7566940784454346,-0.5262991370634417,256,1e-05,rbf,True,"{'kernel': 'rbf', 'gamma': 1e-05, 'probability': True, 'C': 256}",8,-0.6973652827421114,-0.6644624055096159,-0.46306170506964445,-0.3693700278100209,-0.4371545902084084,91.5775460600147,0.0907018658965125,0.13033115134658538
352.1258324146271,3.7380114555358888,-0.5336422951012365,256,1e-06,rbf,True,"{'kernel': 'rbf', 'gamma': 1e-06, 'probability': True, 'C': 256}",17,-0.7152930750274255,-0.6917073630475568,-0.4628017673404912,-0.3710716072745945,-0.42725093530122954,48.56743889535479,0.03004127434552203,0.14195382007494756
349.24137954711915,3.7102678775787354,-0.5393013664213807,256,1e-07,rbf,True,"{'kernel': 'rbf', 'gamma': 1e-07, 'probability': True, 'C': 256}",36,-0.7329580017241746,-0.6936150240883849,-0.4674599541321875,-0.38532619303997334,-0.4170551995207014,20.669923026325016,0.04793044798928256,0.1450083661451826
316.21305232048036,3.7320093154907226,-0.557803287932461,256,1e-08,rbf,True,"{'kernel': 'rbf', 'gamma': 1e-08, 'probability': True, 'C': 256}",61,-0.751710006886028,-0.6921037447264795,-0.492824563498003,-0.42087251271847587,-0.4314130328316701,21.234532331068174,0.06736292730257595,0.13754425907745563
263.9555814266205,3.6841558456420898,-0.590729294672779,256,1e-09,rbf,True,"{'kernel': 'rbf', 'gamma': 1e-09, 'probability': True, 'C': 256}",75,-0.8185510940390451,-0.6899494054541692,-0.5109972173974515,-0.4483851677403532,-0.4856548172841455,12.899236360077953,0.04999483890803687,0.14101233273087585
1200.3435019016265,3.9944345474243166,-0.5418536459298079,512,auto,rbf,True,"{'kernel': 'rbf', 'gamma': 'auto', 'probability': True, 'C': 512}",41,-0.6377225421130729,-0.6226104347354735,-0.5054608712359436,-0.4644171145807972,-0.4790114952500768,63.52279581814705,0.10340907143029276,0.07346332681896804
1152.741649055481,5.442777395248413,-0.5360022759909685,512,0.1,rbf,True,"{'kernel': 'rbf', 'gamma': 0.1, 'probability': True, 'C': 512}",22,-0.5907107227807411,-0.5913263054388653,-0.5160206031174633,-0.4830632947051996,-0.49886433386158757,8.785615366713104,0.06831172371548942,0.04611985596565802
1036.083275413513,3.1383311271667482,-0.5519841588116915,512,0.01,rbf,True,"{'kernel': 'rbf', 'gamma': 0.01, 'probability': True, 'C': 512}",57,-0.6614920975679228,-0.639494356246256,-0.5134982809247509,-0.46704849399538273,-0.47833528175348067,133.1777588578145,0.14097112024527936,0.08218504851827042
835.6495724201202,2.5530837059020994,-0.5451169369442546,512,0.001,rbf,True,"{'kernel': 'rbf', 'gamma': 0.001, 'probability': True, 'C': 512}",46,-0.7114795756084523,-0.6941032329791422,-0.4845484885537157,-0.40312670635790143,-0.432247252891355,59.965614223382346,0.191228578721401,0.13148971915704075
395.0321504116058,3.4071887016296385,-0.5210270692438793,512,0.0001,rbf,True,"{'kernel': 'rbf', 'gamma': 0.0001, 'probability': True, 'C': 512}",1,-0.661749425208042,-0.6657337857328183,-0.45856931153706215,-0.394514569760104,-0.4245010673707406,33.40546944625772,0.16648367992061508,0.11829559733859632
347.55855917930603,3.6585433006286623,-0.5228791968611,512,1e-05,rbf,True,"{'kernel': 'rbf', 'gamma': 1e-05, 'probability': True, 'C': 512}",4,-0.6893442975570945,-0.6593351179939013,-0.4631960861759823,-0.3684119603876397,-0.4340290449406093,101.60657073621512,0.12914361327911852,0.12779110439378694
346.11331739425657,3.647386884689331,-0.5312032346080945,512,1e-06,rbf,True,"{'kernel': 'rbf', 'gamma': 1e-06, 'probability': True, 'C': 512}",15,-0.717476139562333,-0.6907947209207285,-0.46268220146228656,-0.3573006498162692,-0.4276735269723601,50.077583980732,0.18663192515121385,0.14548480304601688
336.14796099662783,3.352325677871704,-0.5365455896751452,512,1e-07,rbf,True,"{'kernel': 'rbf', 'gamma': 1e-07, 'probability': True, 'C': 512}",29,-0.7362311456732406,-0.6992820229922333,-0.46344766786350083,-0.3633157571542974,-0.420356016637549,10.017475845580666,0.18531173242407747,0.15180079160940113
303.3443054676056,3.0476799488067625,-0.5474992686606671,512,1e-08,rbf,True,"{'kernel': 'rbf', 'gamma': 1e-08, 'probability': True, 'C': 512}",52,-0.754217039004542,-0.6882920061844716,-0.4821055005987523,-0.38686788810089573,-0.4259152138929055,9.0487080102115,0.0780391312624962,0.14657860919882978
258.5100866317749,3.046000671386719,-0.5668959019709939,512,1e-09,rbf,True,"{'kernel': 'rbf', 'gamma': 1e-09, 'probability': True, 'C': 512}",64,-0.7933883153495067,-0.6732635339088229,-0.4932843887499723,-0.41547869591808423,-0.45895643918311774,6.9362698130505915,0.31132261103223413,0.14326502153561876
