RUN,BATCH_SIZE,LR,val_loss,val_accuracy,val_AUC,accuracy,NEURONS,AUC,loss,EPOCHS
0,512,0.001,3.7005172709007534,0.75990456,0.5,0.73587155,[1024; 1024; 512],0.49668685,3.3623826043335616,0
0,512,0.001,0.4420130603068768,0.8176611,0.8139977,0.81231725,[1024; 1024; 512],0.8200516,0.42054441480710014,50
0,512,0.001,0.4226307910211331,0.8243437,0.82810074,0.8408426,[1024; 1024; 512],0.87503064,0.3582068771122108,100
0,512,0.001,0.422665283076803,0.83365154,0.832104,0.86877126,[1024; 1024; 512],0.91350627,0.30255146546324563,150
0,512,0.001,0.4284053421248115,0.8329356,0.83546853,0.8849436,[1024; 1024; 512],0.93449837,0.26785671137401806,200
0,512,0.001,0.4293802695371086,0.83699286,0.83578914,0.89526767,[1024; 1024; 512],0.945752,0.24425876004094618,250
0,512,0.001,0.4471812352502545,0.8348449,0.83039606,0.9032046,[1024; 1024; 512],0.9541061,0.22401068815932024,300
0,512,0.001,0.4545539052076727,0.8367542,0.8371733,0.9109626,[1024; 1024; 512],0.9590217,0.21121067450383316,350
0,512,0.001,0.44864909264808056,0.84009546,0.8384999,0.9160948,[1024; 1024; 512],0.96157974,0.20493183596190956,400
0,512,0.001,0.48203059102015167,0.8389022,0.83897173,0.92170435,[1024; 1024; 512],0.9667344,0.19174614216548316,450
0,512,0.001,0.46541640246398125,0.8343675,0.83656114,0.9227189,[1024; 1024; 512],0.9689232,0.18684648243237872,500
0,512,0.001,0.4988010978215065,0.8367542,0.83645284,0.9228979,[1024; 1024; 512],0.97041243,0.18129514107084818,550
0,512,0.001,0.458470268792924,0.84224343,0.8394469,0.92522526,[1024; 1024; 512],0.9705293,0.1822079664606777,600
1,512,0.003,3.9022542819202943,0.7470167,0.5,0.75019395,[1024; 1024; 512],0.5008996,3.6668655255418936,0
1,512,0.003,3.902254173351643,0.7470167,0.5,0.7585487,[1024; 1024; 512],0.5,3.7243743095903326,50
1,512,0.003,3.9022541938362942,0.7470167,0.5,0.7585487,[1024; 1024; 512],0.5,3.724374403850826,100
1,512,0.003,3.9022542527865682,0.7470167,0.5,0.7585487,[1024; 1024; 512],0.5,3.7243743864642114,150
1,512,0.003,3.9022542803270435,0.7470167,0.5,0.7585487,[1024; 1024; 512],0.5,3.724374349741746,200
1,512,0.003,3.902254344626088,0.7470167,0.5,0.7585487,[1024; 1024; 512],0.5,3.724374422887889,250
1,512,0.003,3.9022542220595913,0.7470167,0.5,0.7585487,[1024; 1024; 512],0.5,3.724374389978527,300
1,512,0.003,3.9022543215239534,0.7470167,0.5,0.7585487,[1024; 1024; 512],0.5,3.7243744142088095,350
1,512,0.003,3.9022543199307025,0.7470167,0.5,0.7585487,[1024; 1024; 512],0.5,3.7243743859520033,400
1,512,0.003,3.9022542907969764,0.7470167,0.5,0.7585487,[1024; 1024; 512],0.5,3.7243743862792473,450
1,512,0.003,3.9022543588515397,0.7470167,0.5,0.7585487,[1024; 1024; 512],0.5,3.7243744156031533,500
1,512,0.003,3.9022541945191156,0.7470167,0.5,0.7585487,[1024; 1024; 512],0.5,3.7243744141376696,550
1,512,0.003,3.9022542350332037,0.7470167,0.5,0.7585487,[1024; 1024; 512],0.5,3.7243743702442926,600
2,512,0.0001,0.5401316925563221,0.7558473,0.602869,0.6556066,[1024; 1024; 512],0.5001756,1.1551573153874424,0
2,512,0.0001,0.531919015307415,0.78377086,0.7451292,0.7640986,[1024; 1024; 512],0.71199,0.5049734550301526,50
2,512,0.0001,0.47926556874857884,0.7935561,0.7898522,0.79083365,[1024; 1024; 512],0.7760508,0.46112914347218936,100
2,512,0.0001,0.45104852055592864,0.8040573,0.8024008,0.8024706,[1024; 1024; 512],0.7974565,0.4411732022006223,150
2,512,0.0001,0.4487988723206349,0.81479716,0.8105742,0.81315273,[1024; 1024; 512],0.8172591,0.42370574532811794,200
2,512,0.0001,0.43544839954888337,0.82386637,0.81581146,0.82705736,[1024; 1024; 512],0.8434305,0.39570043183684867,250
2,512,0.0001,0.4315098758102317,0.8274463,0.8173418,0.8378588,[1024; 1024; 512],0.86761177,0.3689244451603642,300
2,512,0.0001,0.42841848564603163,0.8236277,0.8179655,0.8477651,[1024; 1024; 512],0.88261783,0.34903190780057325,350
2,512,0.0001,0.43411841581715604,0.82315034,0.8165491,0.85808915,[1024; 1024; 512],0.9000195,0.3251203855879446,400
2,512,0.0001,0.4412353970554962,0.82147974,0.8185183,0.86901,[1024; 1024; 512],0.91212475,0.3065142194411063,450
2,512,0.0001,0.45176157464844513,0.81861573,0.8165413,0.8734857,[1024; 1024; 512],0.92006963,0.29350602891263466,500
2,512,0.0001,0.45627396798076947,0.82243437,0.817753,0.88231784,[1024; 1024; 512],0.9309863,0.27454620994573675,550
2,512,0.0001,0.4656748313038901,0.8152745,0.8178684,0.88989675,[1024; 1024; 512],0.93796,0.2605003225189437,600
3,512,0.00030000000000000003,0.5471968673009576,0.7553699,0.61871094,0.66533387,[1024; 1024; 512],0.5105815,1.1733679261918697,0
3,512,0.00030000000000000003,0.4679797882111943,0.8090692,0.79467267,0.7954885,[1024; 1024; 512],0.77881676,0.45742564714594475,50
3,512,0.00030000000000000003,0.44457791888628484,0.8162291,0.80727684,0.82138807,[1024; 1024; 512],0.82578367,0.4119483568599075,100
3,512,0.00030000000000000003,0.438556760478418,0.81742245,0.8158206,0.8388733,[1024; 1024; 512],0.86383075,0.3699427187058624,150
3,512,0.00030000000000000003,0.44100077089660206,0.8229117,0.81892866,0.86310196,[1024; 1024; 512],0.9038699,0.31681533035909304,200
3,512,0.00030000000000000003,0.4600924380639288,0.82553697,0.8160364,0.8776034,[1024; 1024; 512],0.9266274,0.28065117173834575,250
3,512,0.00030000000000000003,0.46972369442122647,0.82792366,0.8161913,0.8898371,[1024; 1024; 512],0.94095254,0.2536086578169095,300
3,512,0.00030000000000000003,0.48840563294426637,0.82243437,0.8189186,0.90493524,[1024; 1024; 512],0.952133,0.229318718498459,350
3,512,0.00030000000000000003,0.497610739463838,0.8319809,0.8207722,0.91466254,[1024; 1024; 512],0.95937556,0.21062094075156756,400
3,512,0.00030000000000000003,0.511355851743557,0.8252983,0.8190893,0.9142448,[1024; 1024; 512],0.96229213,0.20479848991396774,450
3,512,0.00030000000000000003,0.5293616801286939,0.8303103,0.81914604,0.9190189,[1024; 1024; 512],0.96741617,0.18970776700515368,500
3,512,0.00030000000000000003,0.5457541071145233,0.82553697,0.8183453,0.9263591,[1024; 1024; 512],0.97030765,0.18188023348177448,550
3,512,0.00030000000000000003,0.5479804188653222,0.8298329,0.8192122,0.92791075,[1024; 1024; 512],0.9722291,0.17535822130123882,600
4,512,0.001,3.7843183323989904,0.7536993,0.5,0.7444053,[2048; 2048],0.49734113,3.5932957955758966,0
4,512,0.001,0.43197706509603806,0.82100236,0.80939496,0.824909,[2048; 2048],0.83381945,0.4033463866953819,50
4,512,0.001,0.43488824542496257,0.82959425,0.82522124,0.8589843,[2048; 2048],0.90210706,0.3206701182914305,100
4,512,0.001,0.45325445036330486,0.8357995,0.8278911,0.8912693,[2048; 2048],0.93997246,0.252719895710003,150
4,512,0.001,0.4757570834888194,0.84081143,0.8287403,0.90439814,[2048; 2048],0.9537743,0.2242727012496835,200
4,512,0.001,0.5119026327047826,0.83556086,0.826084,0.9202721,[2048; 2048],0.96671915,0.18979021740029434,250
4,512,0.001,0.5382103546991553,0.84272075,0.8270258,0.92916393,[2048; 2048],0.97272044,0.17153531857785942,300
4,512,0.001,0.5695626668258612,0.8372315,0.82111734,0.93727994,[2048; 2048],0.97671485,0.15922199528200384,350
4,512,0.001,0.6028592853955835,0.84272075,0.81670904,0.94038314,[2048; 2048],0.9795159,0.1494232935003615,400
4,512,0.001,0.6160928319917374,0.8398568,0.81734926,0.94259113,[2048; 2048],0.9814858,0.1404036369127811,450
4,512,0.001,0.6499978201770555,0.84224343,0.81591934,0.94539595,[2048; 2048],0.98387533,0.13311973763528087,500
4,512,0.001,0.6793061564531986,0.8384248,0.81386197,0.95076686,[2048; 2048],0.98566455,0.12651579995094012,550
4,512,0.001,0.6884953591305771,0.84224343,0.8194358,0.9559587,[2048; 2048],0.9874679,0.11187955385593452,600
5,512,0.003,3.581974882271523,0.7677804,0.5,0.74130213,[2048; 2048],0.49818215,3.7472710372255293,0
5,512,0.003,3.581974937011063,0.7677804,0.5,0.7533568,[2048; 2048],0.5,3.804458472682773,50
5,512,0.003,3.5819749114052493,0.7677804,0.5,0.7533568,[2048; 2048],0.5,3.8044585896084686,100
5,512,0.003,3.581974758794598,0.7677804,0.5,0.7533568,[2048; 2048],0.5,3.804458499217991,150
5,512,0.003,3.5819749032113886,0.7677804,0.5,0.7533568,[2048; 2048],0.5,3.804458556656423,200
5,512,0.003,3.5819749041218176,0.7677804,0.5,0.7533568,[2048; 2048],0.5,3.804458513389078,250
5,512,0.003,3.581975001310107,0.7677804,0.5,0.7533568,[2048; 2048],0.5,3.8044585773012494,300
5,512,0.003,3.581974889213544,0.7677804,0.5,0.7533568,[2048; 2048],0.5,3.8044585745979296,350
5,512,0.003,3.581975001310107,0.7677804,0.5,0.7533568,[2048; 2048],0.5,3.804458551861587,400
5,512,0.003,3.581974947480996,0.7677804,0.5,0.7533568,[2048; 2048],0.5,3.804458552814863,450
5,512,0.003,3.581974937011063,0.7677804,0.5,0.7533568,[2048; 2048],0.5,3.804458544719132,500
5,512,0.003,3.581974917436841,0.7677804,0.5,0.7533568,[2048; 2048],0.5,3.804458552516075,550
5,512,0.003,3.581974907877337,0.7677804,0.5,0.7533568,[2048; 2048],0.5,3.80445853512946,600
6,512,0.0001,0.550718797561946,0.7441527,0.6851351,0.6747031,[2048; 2048],0.52639604,1.0728818696965292,0
6,512,0.0001,0.4885905704521052,0.7935561,0.79248166,0.78635794,[2048; 2048],0.75801617,0.4712967096091014,50
6,512,0.0001,0.44250429480343273,0.81002384,0.80804193,0.8102286,[2048; 2048],0.80188257,0.43327740375805124,100
6,512,0.0001,0.4456521392295355,0.81288785,0.81373054,0.826938,[2048; 2048],0.8347934,0.40169784648645934,150
6,512,0.0001,0.4390135222232427,0.8143198,0.8193612,0.8416184,[2048; 2048],0.8634742,0.36871462120441845,200
6,512,0.0001,0.4459763062455489,0.81288785,0.82095987,0.86596644,[2048; 2048],0.8979805,0.3235961919739472,250
6,512,0.0001,0.4496130586523998,0.8181384,0.8175245,0.8822582,[2048; 2048],0.9255634,0.2835002914493477,300
6,512,0.0001,0.46655792515716005,0.82147974,0.8160453,0.8990273,[2048; 2048],0.9415462,0.25117426009958427,350
6,512,0.0001,0.48336640523839963,0.8236277,0.816267,0.90953034,[2048; 2048],0.9563448,0.21849999963052733,400
6,512,0.0001,0.5152313279081359,0.8190931,0.8163698,0.9264188,[2048; 2048],0.9683141,0.18844882939463264,450
6,512,0.0001,0.5435275491780484,0.8221957,0.8159441,0.92958164,[2048; 2048],0.97312945,0.17260390568559947,500
6,512,0.0001,0.552677478909777,0.82386637,0.81665564,0.94008476,[2048; 2048],0.97985476,0.15195463917104157,550
6,512,0.0001,0.5823331940999179,0.81599045,0.81453925,0.9433073,[2048; 2048],0.9822435,0.14317859154548737,600
7,512,0.00030000000000000003,0.743686364231929,0.67207634,0.61706126,0.6979173,[2048; 2048],0.5071198,2.248873599148838,0
7,512,0.00030000000000000003,0.4509394422066809,0.8050119,0.8025527,0.81613654,[2048; 2048],0.81508654,0.4235131009588835,50
7,512,0.00030000000000000003,0.4366096226156185,0.8195704,0.8103967,0.8501522,[2048; 2048],0.87919563,0.35129073350606105,100
7,512,0.00030000000000000003,0.44648746479667173,0.824105,0.8168763,0.8893,[2048; 2048],0.9358329,0.26352655965679905,150
7,512,0.00030000000000000003,0.49304065266201774,0.81789976,0.81092083,0.91872054,[2048; 2048],0.96206164,0.20383350474919668,200
7,512,0.00030000000000000003,0.5358707053280104,0.8252983,0.8094106,0.9371606,[2048; 2048],0.9773008,0.16038890544452053,250
7,512,0.00030000000000000003,0.5705545033930595,0.8267303,0.8090659,0.94294924,[2048; 2048],0.98245895,0.14095230451872007,300
7,512,0.00030000000000000003,0.6145270813336521,0.8281623,0.8095448,0.9488572,[2048; 2048],0.9876639,0.11937967980541847,350
7,512,0.00030000000000000003,0.6384152685258724,0.8288783,0.80702907,0.95500386,[2048; 2048],0.9889257,0.1127353398358437,400
7,512,0.00030000000000000003,0.6692926533751385,0.82792366,0.8097444,0.96365696,[2048; 2048],0.99077916,0.09900941639941213,450
7,512,0.00030000000000000003,0.6863426647778058,0.83365154,0.80850905,0.9635973,[2048; 2048],0.99185896,0.09499075430962083,500
7,512,0.00030000000000000003,0.6982095624211295,0.83460623,0.80651677,0.96580535,[2048; 2048],0.99336964,0.08614937524524276,550
7,512,0.00030000000000000003,0.7370693196260275,0.83054894,0.8054436,0.9673569,[2048; 2048],0.9932335,0.08405529076413913,600
8,512,0.001,0.6377940280625245,0.7558473,0.5336853,0.72125083,[1024; 1024; 1024; 1024; 1024],0.48704484,1.3147830305658932,0
8,512,0.001,0.4415965553115262,0.8167064,0.8130638,0.8159575,[1024; 1024; 1024; 1024; 1024],0.8232271,0.4184757373267102,50
8,512,0.001,0.42056878028450834,0.823389,0.8179572,0.84263295,[1024; 1024; 1024; 1024; 1024],0.8746,0.3602715613979737,100
8,512,0.001,0.4162790806595067,0.83245826,0.81567854,0.8694874,[1024; 1024; 1024; 1024; 1024],0.9109034,0.3073360898041274,150
8,512,0.001,0.43073692207973724,0.83818614,0.8194935,0.87432116,[1024; 1024; 1024; 1024; 1024],0.92087173,0.2911066261682091,200
8,512,0.001,0.4384767882010248,0.83245826,0.81850594,0.8916274,[1024; 1024; 1024; 1024; 1024],0.9346681,0.2650492671367383,250
8,512,0.001,0.44205808044902467,0.8412888,0.8207904,0.8971773,[1024; 1024; 1024; 1024; 1024],0.94450223,0.24493997438273937,300
8,512,0.001,0.46621196712400576,0.8372315,0.8175688,0.90207076,[1024; 1024; 1024; 1024; 1024],0.95038104,0.2346851848807932,350
8,512,0.001,0.4709790206325367,0.8398568,0.8186889,0.9083368,[1024; 1024; 1024; 1024; 1024],0.95493186,0.22312850239005558,400
8,512,0.001,0.47104190940788654,0.8389022,0.813837,0.9149609,[1024; 1024; 1024; 1024; 1024],0.96070457,0.20751882820633208,450
8,512,0.001,0.4651462055902777,0.83508354,0.8168475,0.9160351,[1024; 1024; 1024; 1024; 1024],0.9608351,0.2079299153766634,500
8,512,0.001,0.4941910106128611,0.84152746,0.82052505,0.9164528,[1024; 1024; 1024; 1024; 1024],0.96038395,0.2093609250188692,550
8,512,0.001,0.4929765412517265,0.84606206,0.81941867,0.92331564,[1024; 1024; 1024; 1024; 1024],0.9663123,0.19269261051972214,600
9,512,0.003,0.584796298545983,0.7627685,0.6357165,0.68305784,[1024; 1024; 1024; 1024; 1024],0.48699543,1.7891711679642899,0
9,512,0.003,0.4598013618680913,0.7980907,0.79793876,0.78564185,[1024; 1024; 1024; 1024; 1024],0.7736324,0.4749036622928137,50
9,512,0.003,0.45224941150954345,0.799284,0.79304457,0.79704005,[1024; 1024; 1024; 1024; 1024],0.7814869,0.46787543585677915,100
9,512,0.003,0.45800952056427274,0.7995227,0.78571063,0.80133677,[1024; 1024; 1024; 1024; 1024],0.79597694,0.4453315148527443,150
9,512,0.003,0.4622703838462192,0.79785204,0.7767084,0.7953691,[1024; 1024; 1024; 1024; 1024],0.77181494,0.46076545646966494,200
9,512,0.003,0.45017312557429856,0.80429596,0.7925408,0.80032223,[1024; 1024; 1024; 1024; 1024],0.7874804,0.4521195746452717,250
9,512,0.003,0.46129050766938057,0.80023867,0.78383225,0.7975175,[1024; 1024; 1024; 1024; 1024],0.7779076,0.4602931427836112,300
9,512,0.003,0.4800997629655005,0.7973747,0.77217484,0.8048577,[1024; 1024; 1024; 1024; 1024],0.7913649,0.4626061631649059,350
9,512,0.003,0.5029391995762299,0.77470165,0.77043974,0.78068864,[1024; 1024; 1024; 1024; 1024],0.73773307,0.4766233610873533,400
9,512,0.003,0.4716981419515496,0.7976134,0.7793823,0.780987,[1024; 1024; 1024; 1024; 1024],0.7301933,0.48100975566486004,450
9,512,0.003,0.548534524711049,0.7782816,0.589051,0.77078235,[1024; 1024; 1024; 1024; 1024],0.63516873,0.6004232950310736,500
9,512,0.003,0.5479935259124828,0.7627685,0.5001564,0.75466967,[1024; 1024; 1024; 1024; 1024],0.50104326,0.5573888149588434,550
9,512,0.003,0.5478550206220805,0.7627685,0.5010951,0.75461,[1024; 1024; 1024; 1024; 1024],0.5033382,0.5601376297401771,600
10,512,0.0001,0.6240418102974539,0.75179,0.56588554,0.6495196,[1024; 1024; 1024; 1024; 1024],0.48998347,1.1964254622784665,0
10,512,0.0001,0.5620662057883415,0.773747,0.7499928,0.7645163,[1024; 1024; 1024; 1024; 1024],0.69600594,0.5119414601443655,50
10,512,0.0001,0.5365455184460824,0.7930788,0.7889687,0.7886853,[1024; 1024; 1024; 1024; 1024],0.7591466,0.47154697075111807,100
10,512,0.0001,0.49517504790517763,0.8057279,0.79915744,0.80420125,[1024; 1024; 1024; 1024; 1024],0.79523027,0.4423526015654878,150
10,512,0.0001,0.46684299929329776,0.8102625,0.8038207,0.8163156,[1024; 1024; 1024; 1024; 1024],0.8111346,0.4240421332752832,200
10,512,0.0001,0.4427697410162423,0.8078759,0.80965114,0.82705736,[1024; 1024; 1024; 1024; 1024],0.83337444,0.4034312424938171,250
10,512,0.0001,0.428650932792832,0.8183771,0.8135937,0.8417378,[1024; 1024; 1024; 1024; 1024],0.8561189,0.3761701809055959,300
10,512,0.0001,0.4291431127271675,0.8152745,0.8131334,0.84615386,[1024; 1024; 1024; 1024; 1024],0.86927444,0.3614963007181707,350
10,512,0.0001,0.4265196050550602,0.8257757,0.81842685,0.8579698,[1024; 1024; 1024; 1024; 1024],0.8839814,0.3409539898629048,400
10,512,0.0001,0.43426955598350925,0.8229117,0.8149468,0.8681745,[1024; 1024; 1024; 1024; 1024],0.89981496,0.31879864143906955,450
10,512,0.0001,0.4389334342360212,0.82792366,0.8163628,0.8749179,[1024; 1024; 1024; 1024; 1024],0.91563255,0.2979111008049516,500
10,512,0.0001,0.43927420746170537,0.8288783,0.8190828,0.8833323,[1024; 1024; 1024; 1024; 1024],0.9227114,0.2839227236739319,550
10,512,0.0001,0.4502830858162309,0.8300716,0.81990755,0.89019513,[1024; 1024; 1024; 1024; 1024],0.9348962,0.2633939164933494,600
11,512,0.00030000000000000003,0.6444290018309272,0.7536993,0.48592046,0.6708241,[1024; 1024; 1024; 1024; 1024],0.48750353,0.991297989907623,0
11,512,0.00030000000000000003,0.4985336542983044,0.8116945,0.80600965,0.7945933,[1024; 1024; 1024; 1024; 1024],0.7698102,0.46315555810971026,50
11,512,0.00030000000000000003,0.4272771067721747,0.8102625,0.8288634,0.8209107,[1024; 1024; 1024; 1024; 1024],0.82006085,0.41591649523724405,100
11,512,0.00030000000000000003,0.4047242395775415,0.83102626,0.83548826,0.8431103,[1024; 1024; 1024; 1024; 1024],0.8651928,0.3675411356237443,150
11,512,0.00030000000000000003,0.4137733168704413,0.82553697,0.8308511,0.8640568,[1024; 1024; 1024; 1024; 1024],0.8962082,0.32615067237899076,200
11,512,0.00030000000000000003,0.43716232853459286,0.83556086,0.8291664,0.88136303,[1024; 1024; 1024; 1024; 1024],0.92327935,0.2836921077561548,250
11,512,0.00030000000000000003,0.44357205452953147,0.8353222,0.83114696,0.8932983,[1024; 1024; 1024; 1024; 1024],0.9363095,0.2613003376920034,300
11,512,0.00030000000000000003,0.4647662372463927,0.8367542,0.82734716,0.90111595,[1024; 1024; 1024; 1024; 1024],0.9454128,0.24164179490532703,350
11,512,0.00030000000000000003,0.5009709160766055,0.8348449,0.83034724,0.90827715,[1024; 1024; 1024; 1024; 1024],0.9547948,0.22185589539223613,400
11,512,0.00030000000000000003,0.4940943235998222,0.8417661,0.8296614,0.91436416,[1024; 1024; 1024; 1024; 1024],0.96077096,0.20619333165193604,450
11,512,0.00030000000000000003,0.48702857972329444,0.8405728,0.83235645,0.9151399,[1024; 1024; 1024; 1024; 1024],0.96240205,0.20208220744254646,500
11,512,0.00030000000000000003,0.51984096303191,0.84009546,0.83153826,0.92504627,[1024; 1024; 1024; 1024; 1024],0.96885043,0.1848666742724152,550
11,512,0.00030000000000000003,0.5102927252045679,0.83866346,0.8334178,0.92713493,[1024; 1024; 1024; 1024; 1024],0.97046465,0.18052601979048033,600
12,512,0.001,0.6537873466714754,0.7190931,0.57852405,0.6964254,[512; 1024; 1024; 512],0.49638566,1.2113623840289405,0
12,512,0.001,0.4582527343726101,0.8071599,0.80723375,0.8117205,[512; 1024; 1024; 512],0.8103824,0.42945006889916193,50
12,512,0.001,0.4216708805509854,0.8221957,0.82819694,0.8366653,[512; 1024; 1024; 512],0.85865176,0.37822649909949585,100
12,512,0.001,0.4195683065348423,0.8293556,0.8317053,0.85606015,[512; 1024; 1024; 512],0.88791686,0.33931229063062684,150
12,512,0.001,0.4210982727264732,0.8281623,0.8303638,0.8592827,[512; 1024; 1024; 512],0.90038997,0.3244240469908226,200
12,512,0.001,0.42348233666226515,0.8317422,0.83024687,0.87205344,[512; 1024; 1024; 512],0.9147509,0.3005252422830146,250
12,512,0.001,0.4194363254351377,0.83150357,0.8297987,0.8826759,[512; 1024; 1024; 512],0.92518866,0.2830718077953529,300
12,512,0.001,0.43795843893986613,0.83102626,0.82765466,0.88661456,[512; 1024; 1024; 512],0.9328238,0.27049424414661166,350
12,512,0.001,0.4282026569854673,0.82911694,0.83089054,0.8860178,[512; 1024; 1024; 512],0.93292147,0.27034148442977834,400
12,512,0.001,0.43001100661361985,0.82911694,0.82566965,0.89120966,[512; 1024; 1024; 512],0.9386288,0.25930535955236855,450
12,512,0.001,0.4341741322617542,0.8312649,0.8274278,0.89371604,[512; 1024; 1024; 512],0.94176185,0.25283043585753695,500
12,512,0.001,0.44239325773744426,0.8286396,0.823146,0.9004595,[512; 1024; 1024; 512],0.94360286,0.2477515470055355,550
12,512,0.001,0.4435532035861778,0.8317422,0.82462054,0.8966402,[512; 1024; 1024; 512],0.944021,0.24737646442780156,600
13,512,0.003,3.729229730296533,0.7582339,0.5,0.7423763,[512; 1024; 1024; 512],0.50073695,3.7588117568697914,0
13,512,0.003,3.7292297533986676,0.7582339,0.5,0.75574386,[512; 1024; 1024; 512],0.5,3.767638217152933,50
13,512,0.003,3.729229869933572,0.7582339,0.5,0.75574386,[512; 1024; 1024; 512],0.5,3.7676382527087022,100
13,512,0.003,3.729229761364921,0.7582339,0.5,0.75574386,[512; 1024; 1024; 512],0.5,3.7676382520115306,150
13,512,0.003,3.7292298116661198,0.7582339,0.5,0.75574386,[512; 1024; 1024; 512],0.5,3.7676382906974597,200
13,512,0.003,3.729229731320766,0.7582339,0.5,0.75574386,[512; 1024; 1024; 512],0.5,3.7676382071648775,250
13,512,0.003,3.729229732231195,0.7582339,0.5,0.75574386,[512; 1024; 1024; 512],0.5,3.767638231907368,300
13,512,0.003,3.7292297876535567,0.7582339,0.5,0.75574386,[512; 1024; 1024; 512],0.5,3.767638267889977,350
13,512,0.003,3.7292299063507297,0.7582339,0.5,0.75574386,[512; 1024; 1024; 512],0.5,3.7676381925954066,400
13,512,0.003,3.729229815194032,0.7582339,0.5,0.75574386,[512; 1024; 1024; 512],0.5,3.7676382375843396,450
13,512,0.003,3.7292297930023266,0.7582339,0.5,0.75574386,[512; 1024; 1024; 512],0.5,3.767638182123599,500
13,512,0.003,3.7292298176977114,0.7582339,0.5,0.75574386,[512; 1024; 1024; 512],0.5,3.7676382226876246,550
13,512,0.003,3.7292297920918975,0.7582339,0.5,0.75574386,[512; 1024; 1024; 512],0.5,3.7676382690282173,600
14,512,0.0001,0.5649620609806943,0.7594272,0.5883991,0.65292114,[512; 1024; 1024; 512],0.50718486,1.1859175132817312,0
14,512,0.0001,0.559068198249562,0.7680191,0.7380348,0.7609954,[512; 1024; 1024; 512],0.6670644,0.5257873690917269,50
14,512,0.0001,0.49680866287545544,0.79379475,0.7931584,0.783016,[512; 1024; 1024; 512],0.7480179,0.4801865391730693,100
14,512,0.0001,0.4690602488762439,0.80883056,0.808849,0.79674166,[512; 1024; 1024; 512],0.7814246,0.4551895415984966,150
14,512,0.0001,0.4515618411766316,0.8138425,0.81623477,0.8058722,[512; 1024; 1024; 512],0.79254186,0.4436164299439522,200
14,512,0.0001,0.4401737522680606,0.80883056,0.820102,0.81613654,[512; 1024; 1024; 512],0.81645834,0.4223668455469329,250
14,512,0.0001,0.4271673969266523,0.8138425,0.82498693,0.82192516,[512; 1024; 1024; 512],0.8292225,0.4092715310440034,300
14,512,0.0001,0.42599570031382306,0.81789976,0.82705075,0.8256251,[512; 1024; 1024; 512],0.8401625,0.39879115292854805,350
14,512,0.0001,0.42017497622312394,0.8157518,0.82788426,0.8315331,[512; 1024; 1024; 512],0.8505705,0.3852346110416496,400
14,512,0.0001,0.41537984665083144,0.8221957,0.8285346,0.8356508,[512; 1024; 1024; 512],0.862911,0.3717579628176,450
14,512,0.0001,0.41158343559233274,0.82315034,0.8303509,0.84507966,[512; 1024; 1024; 512],0.87671864,0.356294721297392,500
14,512,0.0001,0.40920385042636664,0.8267303,0.83226,0.84740704,[512; 1024; 1024; 512],0.8789831,0.35073908207353505,550
14,512,0.0001,0.4093603105988878,0.82840097,0.83044684,0.85074896,[512; 1024; 1024; 512],0.8887351,0.3396466287784334,600
15,512,0.00030000000000000003,0.6363939875350079,0.75656325,0.5334558,0.6610969,[512; 1024; 1024; 512],0.49342892,1.0673400802701087,0
15,512,0.00030000000000000003,0.48070288963420293,0.8004773,0.78979445,0.79119176,[512; 1024; 1024; 512],0.7699717,0.4639701244405241,50
15,512,0.00030000000000000003,0.45083321816596894,0.8171838,0.808119,0.8120189,[512; 1024; 1024; 512],0.81063074,0.42844786676243923,100
15,512,0.00030000000000000003,0.4297924652162201,0.81861573,0.8173415,0.82860893,[512; 1024; 1024; 512],0.8447046,0.39268487524166734,150
15,512,0.00030000000000000003,0.4291277991843394,0.8198091,0.81869686,0.8447813,[512; 1024; 1024; 512],0.87306166,0.360130264863355,200
15,512,0.00030000000000000003,0.4319934523902247,0.81933177,0.81788373,0.8557021,[512; 1024; 1024; 512],0.89015776,0.3369580390164226,250
15,512,0.00030000000000000003,0.43304136062578824,0.8207637,0.8180781,0.86781645,[512; 1024; 1024; 512],0.9033689,0.3164242307279861,300
15,512,0.00030000000000000003,0.43847741276950425,0.82100236,0.81745076,0.87473893,[512; 1024; 1024; 512],0.9179555,0.2956639521978647,350
15,512,0.00030000000000000003,0.4459892392300763,0.8207637,0.8184621,0.8804679,[512; 1024; 1024; 512],0.9227897,0.2856078028444132,400
15,512,0.00030000000000000003,0.4495469226046223,0.82004774,0.81295776,0.8884645,[512; 1024; 1024; 512],0.9330464,0.26683194807180893,450
15,512,0.00030000000000000003,0.4558722330163942,0.8126492,0.8126187,0.89067256,[512; 1024; 1024; 512],0.9370666,0.2618938496511634,500
15,512,0.00030000000000000003,0.4604704906377132,0.81599045,0.8121691,0.89371604,[512; 1024; 1024; 512],0.94114697,0.2524807025924278,550
15,512,0.00030000000000000003,0.45715121545768866,0.81599045,0.810172,0.89938533,[512; 1024; 1024; 512],0.9438264,0.2464476243998019,600
16,512,0.001,0.6269406315250442,0.7608592,0.532373,0.6843707,[512; 512; 512; 512],0.4890207,1.0811094327993678,0
16,512,0.001,0.4422369920268548,0.8016707,0.809238,0.80056095,[512; 512; 512; 512],0.7915992,0.4477572018156019,50
16,512,0.001,0.4179211456479776,0.82386637,0.81686515,0.8282509,[512; 512; 512; 512],0.8390157,0.3980058456577719,100
16,512,0.001,0.4173405964505416,0.8252983,0.815949,0.8424539,[512; 512; 512; 512],0.86596215,0.3671572528872433,150
16,512,0.001,0.4110528658853226,0.824105,0.82381743,0.85307634,[512; 512; 512; 512],0.8836858,0.34526769822655584,200
16,512,0.001,0.4056611652021476,0.8326969,0.8269885,0.8616698,[512; 512; 512; 512],0.898365,0.3253417528439672,250
16,512,0.001,0.4110025144988996,0.82959425,0.82530624,0.8669213,[512; 512; 512; 512],0.9077014,0.3142732297306365,300
16,512,0.001,0.40974390882296324,0.82696897,0.82497007,0.87163574,[512; 512; 512; 512],0.91490203,0.3008860676116588,350
16,512,0.001,0.4143706509350023,0.83245826,0.8262179,0.8795727,[512; 512; 512; 512],0.9227865,0.28835295602886446,400
16,512,0.001,0.4151435098101814,0.8374702,0.8266268,0.8813033,[512; 512; 512; 512],0.92113346,0.2883115219295882,450
16,512,0.001,0.4150328447824446,0.8329356,0.82132524,0.88082594,[512; 512; 512; 512],0.9256326,0.28083834675272235,500
16,512,0.001,0.42356335579068677,0.83365154,0.82108724,0.88762903,[512; 512; 512; 512],0.9319309,0.2697674728378217,550
16,512,0.001,0.4280635643261429,0.8307876,0.81921947,0.88989675,[512; 512; 512; 512],0.9317417,0.2691629651947025,600
17,512,0.003,3.869121739062034,0.7491647,0.5,0.74506176,[512; 512; 512; 512],0.49646693,3.7304609133888915,0
17,512,0.003,3.8691219404944373,0.7491647,0.5,0.7580116,[512; 512; 512; 512],0.5,3.732658950498681,50
17,512,0.003,3.8691218637907987,0.7491647,0.5,0.7580116,[512; 512; 512; 512],0.5,3.73265893329703,100
17,512,0.003,3.8691218653840496,0.7491647,0.5,0.7580116,[512; 512; 512; 512],0.5,3.7326589403256616,150
17,512,0.003,3.869121911360711,0.7491647,0.5,0.7580116,[512; 512; 512; 512],0.5,3.7326589288294385,200
17,512,0.003,3.869121952785228,0.7491647,0.5,0.7580116,[512; 512; 512; 512],0.5,3.732658947681537,250
17,512,0.003,3.8691219996723185,0.7491647,0.5,0.7580116,[512; 512; 512; 512],0.5,3.732658977119267,300
17,512,0.003,3.8691219689453415,0.7491647,0.5,0.7580116,[512; 512; 512; 512],0.5,3.7326589689523955,350
17,512,0.003,3.86912201105268,0.7491647,0.5,0.7580116,[512; 512; 512; 512],0.5,3.7326589569439643,400
17,512,0.003,3.86912186037669,0.7491647,0.5,0.7580116,[512; 512; 512; 512],0.5,3.7326590092176324,450
17,512,0.003,3.8691219696281633,0.7491647,0.5,0.7580116,[512; 512; 512; 512],0.5,3.7326590235309998,500
17,512,0.003,3.8691220392759775,0.7491647,0.5,0.7580116,[512; 512; 512; 512],0.5,3.7326589665336356,550
17,512,0.003,3.8691218264632123,0.7491647,0.5,0.7580116,[512; 512; 512; 512],0.5,3.7326589407667297,600
18,512,0.0001,0.5752584376881401,0.7532219,0.5025582,0.64277613,[512; 512; 512; 512],0.50011146,1.3766716744355245,0
18,512,0.0001,0.5966138376825465,0.7536993,0.7054099,0.75616163,[512; 512; 512; 512],0.65586734,0.5293116607507801,50
18,512,0.0001,0.5444346466895219,0.7816229,0.75357574,0.7719162,[512; 512; 512; 512],0.7295893,0.4920304855814752,100
18,512,0.0001,0.5028643885205071,0.79522675,0.7812608,0.7872531,[512; 512; 512; 512],0.7672501,0.4660198492943234,150
18,512,0.0001,0.4740550122283808,0.80143195,0.79387015,0.7997255,[512; 512; 512; 512],0.79051507,0.4469799106794901,200
18,512,0.0001,0.4548491000702387,0.8040573,0.80257267,0.80879635,[512; 512; 512; 512],0.8038734,0.43373359112948145,250
18,512,0.0001,0.44342991893217504,0.8076372,0.80785024,0.81816554,[512; 512; 512; 512],0.817143,0.41979456150802813,300
18,512,0.0001,0.43428649782849954,0.8138425,0.81226474,0.8225816,[512; 512; 512; 512],0.83040833,0.4074568860501828,350
18,512,0.0001,0.43065894024184326,0.81288785,0.8138159,0.829146,[512; 512; 512; 512],0.8407524,0.3956726353635308,400
18,512,0.0001,0.4232425091374746,0.81599045,0.8180375,0.8346363,[512; 512; 512; 512],0.8512856,0.3844619826022143,450
18,512,0.0001,0.42259172431608943,0.8157518,0.8192673,0.8375604,[512; 512; 512; 512],0.8590102,0.3754721384237837,500
18,512,0.0001,0.419849422894116,0.8202864,0.8205727,0.8434684,[512; 512; 512; 512],0.86370033,0.36921500876886487,550
18,512,0.0001,0.41735378462545625,0.82458234,0.8219697,0.85074896,[512; 512; 512; 512],0.87696725,0.350533459121034,600
19,512,0.00030000000000000003,0.6329172865303149,0.75799525,0.5588568,0.6610372,[512; 512; 512; 512],0.49784186,1.186301164142754,0
19,512,0.00030000000000000003,0.5103517184678581,0.78472555,0.780558,0.7872531,[512; 512; 512; 512],0.7586014,0.47326309929252874,50
19,512,0.00030000000000000003,0.45407514357339224,0.80954653,0.80454355,0.80802053,[512; 512; 512; 512],0.8024503,0.4365798052732263,100
19,512,0.00030000000000000003,0.43271472279097983,0.8171838,0.81399804,0.8212091,[512; 512; 512; 512],0.8360782,0.4044500368552183,150
19,512,0.00030000000000000003,0.42537910420456476,0.81646776,0.8185478,0.83368146,[512; 512; 512; 512],0.85312515,0.38184646229766156,200
19,512,0.00030000000000000003,0.4198600385667032,0.822673,0.81922674,0.8462135,[512; 512; 512; 512],0.87370974,0.35835566174665984,250
19,512,0.00030000000000000003,0.41912582513825136,0.82553697,0.8194285,0.85498595,[512; 512; 512; 512],0.889086,0.33727548433750193,300
19,512,0.00030000000000000003,0.4198709213506066,0.826253,0.8210026,0.86346006,[512; 512; 512; 512],0.89853805,0.3242319025543458,350
19,512,0.00030000000000000003,0.41983816898238974,0.8319809,0.8218377,0.8668019,[512; 512; 512; 512],0.909111,0.30879967003667697,400
19,512,0.00030000000000000003,0.42092077191518995,0.83412886,0.8210892,0.8760518,[512; 512; 512; 512],0.9113464,0.3032363236302613,450
19,512,0.00030000000000000003,0.42769274868088863,0.8343675,0.8214355,0.8796324,[512; 512; 512; 512],0.92091125,0.2883009970785717,500
19,512,0.00030000000000000003,0.43024726906938027,0.8365155,0.81721175,0.8839888,[512; 512; 512; 512],0.9244636,0.28112901639182847,550
19,512,0.00030000000000000003,0.42963510507046465,0.83460623,0.8186113,0.8860178,[512; 512; 512; 512],0.9265614,0.2775652653161371,600
