AssessmentID,LeadStatus
501017,0.5188252510743688
500679,0.3807856851860332
500930,0.3904308155671369
502177,0.2930483501139765
501533,0.23902272756915233
500270,0.5060724715238583
501211,0.5436017104701878
500597,0.4020908874027254
501301,0.3889891735865789
501974,0.3311207369445898
501749,0.37434715952383263
500037,0.3867938436085923
501799,0.24765432967834858
501615,0.1946540422483952
501129,0.17828936609529447
500485,0.5636622266892944
500878,0.43395879258800896
500729,0.34646228397078743
501826,0.24349162092774687
500554,0.29318399639570253
501948,0.3290900095841617
501530,0.18364827127314415
500975,0.16427084591609903
501446,0.1258306013033763
500040,0.2836664641075164
501222,0.30914150619603836
500248,0.34081054273927075
502087,0.19187353862771392
500537,0.16597489207675223
501069,0.515913910262661
501414,0.5324560728276336
501426,0.22506620962898263
500526,0.14557077777526528
501696,0.1397388808274663
501128,0.3104453307634703
501742,0.19239303108593359
502241,0.18389312184677478
501395,0.16274353437850653
500022,0.1104176595830902
500983,0.3259019861802147
501791,0.23799792251110916
501516,0.19029677116631993
501640,0.4783882201171446
501200,0.2889612086669827
500843,0.3146026727477008
500465,0.18385927532896326
501549,0.1724170297560443
501639,0.12329441609864515
501134,0.3989883682511402
500084,0.4250329146087429
501895,0.3078634420375076
501165,0.2391629617845145
502300,0.19658887275058154
501328,0.29835208194812696
500557,0.6791511633987629
501685,0.38798124843615694
501522,0.3509887009222817
501840,0.4349721671523638
501075,0.3937572711411976
500576,0.5030069047792568
500316,0.20706719563864506
500858,0.1620378613240924
500733,0.2835209014555776
501314,0.43263770898854975
500955,0.27049620922570883
502368,0.34077188945967046
500811,0.2501514871695522
501706,0.22080987638590274
500501,0.18665916605697158
501067,0.2117728374505113
501942,0.25736936344421607
501025,0.15479026843585134
500029,0.14719055457565497
500988,0.10976670771679425
501652,0.48744667214788173
501317,0.37233485278599904
500573,0.20331485711315314
501820,0.19954306817679512
500838,0.22801118910877496
500355,0.32650198509356415
500086,0.330246863364211
501507,0.2217890588870627
501646,0.2559292015460655
501073,0.336713929642475
501843,0.3100226878430235
500751,0.31531551831256815
500247,0.360329410869466
501340,0.2841896395057997
501266,0.308101495053732
500135,0.2848337606409327
500111,0.20276814078563898
500408,0.17398964231057698
500219,0.1625805872896465
501589,0.11525050284301439
502178,0.2197443322178389
502302,0.2408233867634885
500359,0.20829916252567643
500912,0.1705701828337019
502042,0.3079360750176443
501148,0.3833496271627054
501242,0.2522052378420442
501218,0.18664661773812363
502153,0.14249925563171503
500019,0.6271002208697448
500273,0.2786772133822063
500403,0.556008858024036
501611,0.556008858024036
500634,0.556008858024036
500140,0.556008858024036
501995,0.40080934569268384
500686,0.40080934569268384
500126,0.40080934569268384
500998,0.40080934569268384
501567,0.2575668427942414
500818,0.2575668427942414
500664,0.2575668427942414
500423,0.2575668427942414
501064,0.20553264581260258
500500,0.20553264581260258
500421,0.20553264581260258
500989,0.20553264581260258
500358,0.22011601925121096
501154,0.2399142510700277
501481,0.1647845077170549
501536,0.15904567274505826
502238,0.1195234992440057
500785,0.33306174500988167
501572,0.319687108772503
500305,0.32445216611420147
500981,0.3411413646614446
502175,0.3813733814616575
500129,0.2551167881833593
500309,0.4295047221223838
501822,0.3161125579662736
502211,0.2311776911187162
500441,0.2114232787366073
501360,0.20552889538199104
500474,0.2580025188873386
500894,0.2429324724456824
500590,0.19083152717735596
500349,0.17814656832800135
501956,0.17393282041942906
502229,0.23759029591944422
500455,0.25115548683602557
500062,0.30160032974428375
500952,0.26802453417294936
501577,0.33840259039112514
500015,0.2363110717245214
500390,0.32746813482789994
501059,0.34218193073767467
500381,0.19054000905261917
502125,0.18476155298858224
501668,0.16459765551211034
502079,0.32035928855546514
501052,0.2843044250500618
501351,0.21083324483504165
502110,0.15141647054564814
502353,0.13468576319455627
501596,0.26401916914324425
500797,0.3404475621342105
500334,0.23983250507222753
501172,0.1746695692627657
500610,0.29668305372948156
502184,0.3105663012223701
501265,0.33665799142523906
501292,0.2138668068213999
502081,0.24156139849126293
501362,0.27713266460733244
502156,0.19309577345663798
501294,0.1802975233587586
502265,0.12378153869854704
501608,0.30424335269140734
501633,0.3394314196690823
501760,0.22264047623858618
500568,0.2520970461776069
501002,0.23209838840364067
501735,0.6305359936752231
502043,0.6138976849704914
501463,0.40133059855457526
500116,0.430324472532067
501257,0.4519038443896757
501221,0.333657105243729
501107,0.33748012397227606
500462,0.21852176176931282
502147,0.2171165555904477
501498,0.24439655776667352
502033,0.29435228134379166
500407,0.26876819168175137
500185,0.31687925081082274
500731,0.2508938372603304
500493,0.346890935769942
500675,0.5764545490662494
502097,0.29045086018188443
500291,0.29045086018188443
501191,0.3797517189701376
501495,0.21514622822148116
501697,0.19001599838334865
500966,0.13540598962268757
500494,0.38170623227972383
500329,0.32848660373859906
501758,0.28565827409533473
500653,0.23734289172722464
500056,0.23734289172722464
502266,0.1745834811081372
500717,0.2660480277697864
500127,0.25271453596525717
501027,0.2334945857329236
502126,0.218152218830128
500161,0.14752562484841444
500181,0.35836848458335513
500060,0.35742193787246823
501857,0.30820186603608857
501157,0.29257778134265006
500676,0.27183793136159173
501642,0.16544093578504177
501452,0.16580939413825865
502131,0.15467711326500921
500611,0.10984314042783659
501699,0.41827470577252046
501491,0.33452720242042266
500148,0.34664133727207
500150,0.5160280457040152
500121,0.23660840284054485
500169,0.404856490437213
500108,0.37792602138558334
501580,0.2910582430008918
500051,0.4327664752377231
501941,0.4377769921544743
501447,0.22159409764460053
501783,0.2421659795683341
501115,0.1501715525248004
500533,0.3217886798543728
501907,0.3865719010924239
501381,0.6064949922630323
501496,0.446082781341367
501095,0.2131244610722601
502303,0.30736547996345026
501408,0.32963264507294504
500570,0.2916719864655867
501570,0.2916719864655867
501926,0.20772543431196144
501598,0.20772543431196144
501295,0.2294489890134664
501192,0.2294489890134664
501065,0.1771894398099288
501813,0.17919847635400135
501858,0.17919847635400135
500724,0.34917970311295016
502234,0.4399626134982442
500281,0.23722366255481048
501354,0.29840727579452647
502053,0.33389242255380164
502082,0.2556582709019694
502160,0.2805420087095601
501103,0.18158132261183094
501921,0.17495063051605975
501949,0.1487290986366061
501253,0.5567526711048154
502016,0.6438857716346988
502225,0.2285568797428583
501659,0.5494441675241887
501972,0.2695626906778978
500750,0.21651106557525626
501320,0.141691931109617
501457,0.47123049257415184
501628,0.498368295932936
501839,0.4117445773638556
501421,0.3260828050451845
500944,0.14877765218896347
500727,0.3121778915042499
501544,0.40495406939420253
501838,0.3351775990127298
502328,0.22905783509246297
501163,0.5591082520404408
500852,0.32357398599882325
500115,0.19402903723512252
500320,0.201905021508351
501477,0.3649578269916414
502337,0.35782738538563075
500396,0.3347364377014991
501474,0.30974077562534486
500453,0.24545171127249568
502249,0.2532650354907753
500882,0.2592435128714213
501869,0.2985825830714192
500159,0.3955859325321849
500119,0.4131356887274385
501818,0.2986488523150853
502018,0.21254698951637013
501784,0.19778050248673473
502206,0.12130067243877564
500539,0.2764621353584407
500519,0.19136654865408986
501648,0.22060024188257954
501712,0.1589235022443307
500753,0.34576061555126203
502294,0.3538943781803426
502323,0.2317578614928978
500393,0.2084511857138975
500648,0.1544584232627192
501779,0.479172004795918
500112,0.7865706594391004
500045,0.6864257408029985
500902,0.4306412492549083
500940,0.4306920072140474
502212,0.4056252116372543
500222,0.3544963546703893
500266,0.2917313382766077
501937,0.3915880416560006
501741,0.351572182203106
500774,0.2079374178709872
502269,0.18675694938480683
500730,0.3328407358131471
500386,0.37275388035335594
501199,0.25077556850355764
501892,0.19085070520000808
501285,0.15002553000056743
501139,0.2887400302476257
500340,0.3446462755632382
501676,0.18742392824372783
500092,0.16959191978946242
501190,0.1208517547917192
501152,0.3368650230326555
500099,0.3192686746498583
502049,0.40757954918578515
500783,0.3082447489094098
501946,0.26085609523603936
502187,0.25404672553008645
500845,0.37770034396509594
501774,0.24548342199222617
501661,0.5591013784761875
500994,0.360747498725684
501987,0.4268665365141559
501021,0.4339054758456084
502155,0.2330400585092459
500900,0.428915085949378
501109,0.3180774010509023
501216,0.17250845516394828
501976,0.15275964439815073
501111,0.3924147324265165
500484,0.3924147324265165
501174,0.3924147324265165
502005,0.3924147324265165
501326,0.3964834864621062
500229,0.3964834864621062
500728,0.3964834864621062
500503,0.3964834864621062
502083,0.27839885950639887
502215,0.27839885950639887
500515,0.27839885950639887
500752,0.27839885950639887
501018,0.2057497246262557
500383,0.2057497246262557
502360,0.2057497246262557
500771,0.2057497246262557
501980,0.3693857783548567
501700,0.48539688817420196
500058,0.4931130040542749
501621,0.4192039860485077
501135,0.5104002216822712
501332,0.2437327327595557
500342,0.1949251300006663
500705,0.1554522637457632
500122,0.2883653223089318
500091,0.2071192346850431
501739,0.16364691853416352
500377,0.1435312772275151
502281,0.24295181420842413
501803,0.287348007515838
502336,0.21485918332073148
501072,0.18556084101087642
501124,0.15260675989592723
501256,0.32557119505544374
501384,0.32557119505544374
500146,0.32557119505544374
501986,0.32557119505544374
500646,0.3798017841297903
502236,0.3798017841297903
502243,0.3798017841297903
500328,0.3798017841297903
501035,0.33143861427796445
501961,0.33143861427796445
501280,0.33143861427796445
502040,0.33143861427796445
500822,0.23143726012168245
501334,0.23143726012168245
501078,0.23143726012168245
500748,0.23143726012168245
502251,0.31844212089078655
501401,0.32770828080084335
501935,0.25173461642711437
500250,0.1476651914823421
501030,0.1254200104047275
501282,0.49119168114889533
501817,0.5138712184439118
501786,0.6165800709968288
501312,0.43229714787142604
500234,0.6250481159481769
500296,0.5196429134239934
500315,0.49165607446117976
501878,0.4118422999158821
500419,0.40821904738975323
501547,0.39650934343460154
502338,0.5854234442887524
500130,0.41008955856816237
501423,0.31024689543712836
501512,0.3644637774295001
500567,0.2780226671292026
500553,0.48202522243867013
500182,0.4008745707662211
501372,0.4740536286441798
500572,0.39065470890640025
501089,0.4275697796685808
500510,0.44400437941147713
502046,0.3846679042435856
501861,0.394532658613709
500649,0.46586400146352486
502084,0.2815690934715011
501386,0.3105083003095137
500799,0.15500033919705936
500245,0.14955107165893075
501637,0.11730469774297451
501230,0.28537916502365207
501900,0.27813150520157326
501960,0.30666132399621726
502050,0.23915545504124328
501885,0.2167434783725485
500601,0.19865911159135263
501177,0.25321510892697385
502143,0.2802812459288606
501856,0.19985730442449737
501057,0.18289152491657493
500017,0.14269295640382773
501658,0.6594511706147651
501887,0.5865865689787305
500209,0.21220176187072648
501367,0.6374185785240734
501525,0.35186674635813386
502105,0.2087837929248027
500276,0.1828864118807481
501728,0.12702610797109526
500031,0.22744469748077592
500645,0.26764464642797214
501713,0.1776384318360742
501473,0.48918515420174374
500795,0.11273717573948264
502216,0.705673707413331
501250,0.4919764225641267
500696,0.2891773351252874
502279,0.24275618169964844
500303,0.23194774151783717
500341,0.35824826294255635
501510,0.4557905168119577
501588,0.34917844094850736
500472,0.3966098531383531
501603,0.3302726017303749
500596,0.3859420443520512
500802,0.25349616559956256
502312,0.202165050680751
502304,0.14841711908154293
501927,0.29250411655025965
500909,0.45468760311785317
500938,0.47005230984934715
502148,0.24445740240863062
501188,0.17747629711363622
500363,0.1436190637031876
502255,0.3642937264766818
500594,0.3609933608645807
500325,0.3609933608645807
500525,0.33379456137853447
501597,0.33379456137853447
502204,0.2293879941470034
502134,0.2293879941470034
501391,0.1922468934597672
501281,0.1922468934597672
501310,0.14440445150985137
501267,0.14440445150985137
500702,0.39761016312587233
500110,0.42490137437552794
501060,0.3161865941709891
500282,0.2994250716076627
500959,0.27398211455566646
502326,0.3348629179704364
502123,0.3348629179704364
500564,0.3348629179704364
502174,0.3348629179704364
500935,0.28034555511075904
501866,0.28034555511075904
500225,0.20563291119203672
501489,0.20563291119203672
500744,0.20563291119203672
501436,0.20563291119203672
502247,0.16909967347603508
502317,0.16909967347603508
500327,0.16909967347603508
501376,0.16909967347603508
501434,0.24394549188639583
501571,0.318040664845156
500242,0.1943288961605899
501797,0.19464164976191067
500478,0.16653303027151192
501411,0.4162034217212764
501231,0.40075186070665403
502136,0.3433181439672592
500087,0.33274576247921306
500217,0.23742505010168655
500860,0.5027843174004921
501673,0.4595618561002455
500351,0.48983305375786224
500398,0.3910218255988053
501524,0.32540113913039653
500628,0.3344299369495284
500688,0.30134003382384805
501104,0.21126202870518346
501493,0.21153388064410691
502080,0.2072706897461422
501518,0.26297214538371944
500763,0.25621883807305645
501830,0.4781384790671497
500268,0.46917792584428214
500524,0.2935561818421962
501782,0.5206176921654243
501849,0.4973802868041575
501906,0.4952659692169067
500008,0.35773153570223065
500089,0.3171940019981413
500837,0.17944626192345448
502227,0.2910568137254992
502270,0.382334824812557
501054,0.42952193224377805
500521,0.3401925825648957
501867,0.30921537436879565
502287,0.33331013871279747
501449,0.247239940615208
501947,0.23098563516848758
501302,0.1903681322853331
500102,0.27564204632654965
501066,0.20055785899118578
501898,0.15650818996349863
502257,0.3215741884630593
502063,0.23928111840902286
501347,0.22256691591726926
500956,0.3594205517053609
500630,0.29962775261667823
500322,0.19443504693415253
501409,0.23397344404281034
500925,0.35887020122773544
501850,0.4992078711261808
500489,0.5128691433369112
500354,0.5925642620438836
501420,0.3532075325636493
502186,0.41476420766497757
500815,0.24798758854675665
500574,0.2346781984917442
500013,0.17080184443638954
500644,0.3047587409814267
501094,0.4011638747950424
501389,0.524807174279452
500048,0.5059650703256395
501738,0.6253444476718208
501764,0.33507982064977376
500896,0.3134951886940982
500976,0.222107318150222
501369,0.18921255118734068
501945,0.13435275949008696
501529,0.3260239901977063
500560,0.3404269952789456
501590,0.21457897100996778
501224,0.4421087469848951
501550,0.6803735909326625
502361,0.7046170290741364
500835,0.7315280782874576
502280,0.5161244290004806
500027,0.48998719490532
500589,0.4562863159997235
500232,0.5045343006860429
502122,0.7311484796593947
501829,0.26967870832043295
500059,0.29694684535880644
502116,0.20896744414618626
501011,0.1738744025654085
500718,0.13818780043478568
500543,0.44992124345900236
501613,0.46865739720237937
501943,0.31666222222971335
501019,0.29915902515045706
501147,0.3064700175556247
500461,0.26162890612865386
500764,0.3559064628910601
501470,0.1839903808226691
501048,0.20191567992454648
502067,0.17875448621954368
500999,0.3478234429916768
500498,0.3393689826113444
501043,0.24235150728609728
501207,0.29025557323047385
500376,0.220150229040824
500919,0.3144508321608718
502327,0.3534439964752282
502030,0.3324429932283479
501565,0.3303680392113289
500042,0.2190592991069672
501978,0.1690181246952411
501366,0.26085096804851693
500577,0.16053600945578772
502090,0.15485405378362377
500854,0.14413152449754882
500041,0.27945147825959554
500442,0.28550359433560446
502099,0.16862572777225449
500097,0.1621543191128296
501350,0.12928877036882985
500339,0.28678053499948947
500125,0.33463518069906945
500970,0.20360445823099507
500801,0.16534827927835083
501681,0.12853794866469118
501158,0.4525339661269991
502032,0.36293371131513613
500459,0.21111938587775608
501736,0.15121563411545486
502088,0.10223362236858938
501645,0.819487317562652
501543,0.24228031929544175
500021,0.29029555707952714
500298,0.3310710262822654
502242,0.3296064204620744
500456,0.32636825314363904
501609,0.2780532024894799
500133,0.3378225005245411
502048,0.2197704336682375
500508,0.22281392413398257
500290,0.30560570766151307
500770,0.30497811389043944
502007,0.2542605122711507
501356,0.22096153554359546
501792,0.5797491717149345
502060,0.2974774359855587
500201,0.34405046764572805
501710,0.40507372707390743
500005,0.40507372707390743
501206,0.40507372707390743
501113,0.40507372707390743
501777,0.4776470993361575
502322,0.4776470993361575
500314,0.24750438339519829
500190,0.24633282606070195
501666,0.24400164268786978
501315,0.19622838460851283
502051,0.12920321611768018
500583,0.37519418332831445
500457,0.2863104089842271
500991,0.2647153637948078
500176,0.19143733793319515
501082,0.16238092617449995
500647,0.360187338418951
502214,0.4188392758871117
500183,0.38244158618171864
500684,0.3050374749842463
501538,0.37269690912551534
501968,0.40603543326636427
501339,0.26409894587296023
501210,0.24577466824789512
501081,0.17947489501444858
501443,0.4174798163131428
501142,0.43128943597363584
501874,0.3549542439618416
502340,0.276234454401666
502207,0.3102317914332249
501952,0.1571985359037301
501031,0.14620130797172312
502272,0.2669260200627824
500483,0.28156683881084144
502078,0.20310368091356767
501759,0.17233626090854534
501888,0.13655148421237406
501636,0.3307169737599714
501687,0.35276351148558277
501973,0.2522644392306206
500674,0.2769417559543237
501099,0.19126234766638958
500643,0.2585445863393865
501740,0.2585445863393865
501037,0.2585445863393865
501756,0.2585445863393865
500278,0.3131212209492456
500672,0.3131212209492456
500088,0.3131212209492456
502182,0.3131212209492456
501418,0.2998825753897124
500780,0.32312258604589966
502253,0.20156121172791738
501711,0.1573851155354453
500786,0.12295451120781165
502065,0.42006846549283655
501989,0.4456612063948825
500023,0.7676590530263638
500582,0.5958490284781495
502072,0.34152598565852105
501275,0.29765892094869845
502311,0.6676081724330709
500776,0.23324708001833888
501203,0.564789750904303
501238,0.5685541332729439
501175,0.4661307924536843
501770,0.28100263138679216
501131,0.24250081785777483
500308,0.34218353392424034
501763,0.3021965566189386
501851,0.302347381027355
501112,0.21558369753162188
502119,0.15051078146274557
501484,0.1328669980044556
500254,0.564669036145498
500987,0.40364215635703654
501223,0.3795331884818935
500186,0.3427427913289154
500534,0.24982871400434714
501336,0.1663573744518956
500311,0.2920581947003941
502231,0.33121709338062266
501564,0.17789077934328038
500389,0.16628151423878654
500352,0.1251273526599187
500347,0.23871112202385836
500294,0.3230189436302012
501675,0.3111240513688443
500394,0.3113428472014777
502195,0.31441245822487607
500439,0.38940821744501364
500114,0.46545127352951776
501209,0.40735125116404014
502112,0.28159012595649674
501494,0.29050819429389363
500231,0.25846382841774357
501963,0.22374040103772344
500957,0.2521540676106494
501650,0.42986799210901655
501775,0.3964191624258796
501999,0.269491365008863
501585,0.18477637308733486
502144,0.36928800810423906
500228,0.4067125820339565
500823,0.37181599159578493
501049,0.2454710448293141
500928,0.2118651432630152
500689,0.13904113854927377
500280,0.379675833369438
501573,0.25512126301695776
500332,0.22767264696502806
501454,0.275098290074233
500517,0.19986356716124828
502026,0.1810166408507529
501674,0.7894938031696886
501370,0.2656006467338958
501345,0.2958646995150453
500669,0.3944243935363461
502320,0.2817256977110438
500324,0.302066254881367
500170,0.1713398684496485
500703,0.16035703134749965
500793,0.15208486971369223
500787,0.24002632579625774
501342,0.29734445287050093
500804,0.1760231213168596
500235,0.16037186502344863
501475,0.13398963830146368
501373,0.426466048785243
500272,0.27116538285635133
501155,0.3531015083034228
500425,0.35105581907092476
500910,0.39932554444806295
500660,0.32470304167688774
500876,0.53712049829688
501038,0.6073991777496194
500430,0.5224958657571067
500064,0.4536859561757285
501555,0.3972040029719733
500626,0.3322910681808884
500920,0.3104819805278066
500083,0.21407430513793121
501931,0.1592870709655433
501469,0.2971203813521107
500788,0.2038342489437561
501406,0.19709269078580244
500706,0.16637867437602682
502284,0.38843938316160853
500458,0.5225973232459517
502149,0.3080104491685821
500632,0.31437816012666825
500375,0.29196127269494027
500284,0.49115717400136877
500796,0.3762121245700009
501289,0.30926111492553165
501189,0.327596141598332
500416,0.3247588187055758
501162,0.22450111784411692
502307,0.18361775757340879
500663,0.12263074229773514
502037,0.2698785501974598
500877,0.2729705264472812
501355,0.2848067023844777
502205,0.28055353114822895
501108,0.2713782995595357
501313,0.3124577887013074
501594,0.32353023258123276
500175,0.33874646660611657
501029,0.1963680593643425
500063,0.19348522257942252
501601,0.7655126612514035
501788,0.6766160031897543
500384,0.6245452604763585
501198,0.5043664460879216
500304,0.35981177695020333
502343,0.3328922019595712
501419,0.3311161900281121
501880,0.3153164121185118
500452,0.2990196316591176
500174,0.33418159411180015
500078,0.2554697434675799
500153,0.29125104988469064
502332,0.15890205877340907
500400,0.1541692892259659
501672,0.13682079537588704
501902,0.2530790420290806
501982,0.24475606949663758
501497,0.26600030118717066
500046,0.18518016428216008
502044,0.15174129056134664
501827,0.3423950821660697
500197,0.2860318309655954
502277,0.2955225333450202
500616,0.2955225333450202
500090,0.311645815610202
501453,0.23144459226099265
501824,0.2751293374579935
500635,0.23767256899926084
500269,0.2605076410563107
500101,0.20467377913466794
502086,0.18015484912382856
500249,0.1375304353343714
502041,0.2715773036030329
502103,0.2976959643290983
500520,0.21821867921168717
500650,0.369057151669224
500014,0.39800953721402865
501428,0.4851035778967673
501291,0.41099554016307344
501554,0.2162192153315754
500001,0.32213246146179864
500580,0.3564756358116448
500683,0.27367089295642305
500551,0.24363509456359184
500617,0.23533155049234722
501156,0.28826863523234497
501279,0.32877692651350565
501660,0.18039075981261135
500887,0.15946124254515373
502120,0.12765920180304802
500848,0.2773750035187097
502171,0.2452898138018417
501526,0.2126973070335688
501290,0.49243819977148473
501241,0.3066360871819828
501506,0.29858809721978274
500417,0.2302851064806871
500529,0.24565243411570442
500658,0.19807744490945084
501701,0.33630005420600406
500985,0.312069408272076
502221,0.2250273768013407
500586,0.17114113525165878
500812,0.2862580035208809
500432,0.29247078629465273
500486,0.29379973336558135
500444,0.2882845761208159
500338,0.13647630228644408
501634,0.33784220775349716
500368,0.23505227391699837
502027,0.2118018621792665
500206,0.25590065266736417
500746,0.15086222264356008
501864,0.2531670685877012
500775,0.36693331174445226
500631,0.3236881923006806
500544,0.46085741433451743
501962,0.36363910256621745
501166,0.26597804219685844
500817,0.26937932218923566
500951,0.27064435765649025
500220,0.16506478856618476
500856,0.12264478361310562
500373,0.34841708138455896
501296,0.20699004257748466
500886,0.24648261820456288
500440,0.7481705246641351
501468,0.32000884229099935
501519,0.2902939715429261
500166,0.2908813011009129
500541,0.25388691878846065
501559,0.27893521619548145
502135,0.4279998843996559
502107,0.23053898282499488
500437,0.22011321311749799
501704,0.12844779147106172
501015,0.387210611438809
500723,0.3603182783261615
501686,0.40554619221044935
500464,0.7964207128431535
500410,0.7801842251509482
500104,0.6738359202012961
501427,0.5343134220817046
501521,0.36952214326157723
500387,0.2544814835711626
500271,0.2143536804011482
501444,0.26183536592131107
500655,0.330045475076017
501656,0.21103838241682643
500075,0.23227465211276346
500637,0.260340289178074
502179,0.20718131097391912
501160,0.21763515468432867
501185,0.1647338150609213
501441,0.5244070391405202
500561,0.28848105901917637
501388,0.4260805386363329
501805,0.35801283804336953
500482,0.25231868902406795
502109,0.25831723499399223
500289,0.2517121341826491
501620,0.2515475254697184
502022,0.32201739019122405
500196,0.4343930243324562
502370,0.4342811755354867
501084,0.3873504723001705
501117,0.2751624864589041
502209,0.1850515655125805
500251,0.14511238772853047
500888,0.507316062340462
501723,0.4248950048737231
500213,0.4101228529677104
501396,0.19625591551388555
501578,0.17238980718857086
502364,0.43612714534234737
500901,0.3145551849703313
501088,0.35346618090438314
501161,0.3649090547788146
500859,0.15776788859120638
500625,0.15262810630814702
500713,0.13190678901692754
500204,0.528822634597457
502194,0.4777303901817029
501726,0.5187296053477863
500047,0.3956862365634387
502139,0.26683855423917135
502309,0.272458747163906
500816,0.4902217984333084
502172,0.34559933807164617
500236,0.2534977866629731
501750,0.3325909380947458
500055,0.2621767552060053
500490,0.49719066448725385
501480,0.2621968474023021
500656,0.29725287448457316
500549,0.29725287448457316
500068,0.15873356447490888
500082,0.14961863078645068
502369,0.11743305914778125
500428,0.6298625180638355
500778,0.40451113594603844
501080,0.2705827992354641
501140,0.3590711339093992
501944,0.350031867216142
500203,0.28179998439952525
502342,0.29936834226262055
501709,0.19872263123575828
501225,0.17254546987544483
500516,0.26026024267841924
501375,0.24058572641577108
501130,0.3492505549628671
502023,0.24730794068827125
500578,0.5085080251247336
500139,0.36927097405508613
500805,0.30330265127157663
500007,0.29924517096615183
500243,0.17621204580776434
501860,0.16938688660385662
502191,0.34279247219167763
500382,0.35731163035041824
502301,0.26550101666885556
500427,0.28057211820304984
500863,0.17174603377874742
502222,0.1655129519737492
501151,0.15366080746665012
502161,0.23363484895491798
501719,0.2815615105158038
501787,0.1853035771763981
500205,0.14612173192824157
500103,0.447142263383689
501450,0.41544470383948895
501012,0.2610028012817897
502173,0.25309883296982655
500513,0.24502658149994028
501859,0.26430309388742745
501846,0.6182218585846788
500880,0.5628290745085163
500840,0.5700122445819519
501579,0.32455185988438745
500615,0.35417744395359746
500450,0.29976254177854583
502310,0.37014685617931015
500614,0.37014685617931015
501090,0.37014685617931015
500740,0.37014685617931015
500039,0.29940154937383023
501385,0.31556240513351114
501220,0.227251631256068
502273,0.2034572539521917
502325,0.24800126030185354
500864,0.32936924963267233
501246,0.1723004722648811
501324,0.450346370381323
502319,0.48211572154813875
501607,0.23304431048660368
500814,0.31370845780858103
500364,0.27553255843755325
500800,0.35561919649443824
501881,0.3076917851331168
500739,0.2990944232600366
500666,0.23768673568557924
501044,0.23970286819742573
501832,0.1806488798600372
500759,0.3013608961585892
502339,0.24428201817829673
500953,0.24502567229420052
501733,0.1906539045769502
500606,0.1685292960985109
500690,0.13677910440863528
501566,0.4574094222132135
501903,0.35247704135201385
501309,0.2664279174613085
500016,0.3128192299621021
501897,0.14582773784116834
502283,0.10546864144595176
502293,0.2858287100970597
500556,0.3278497367856057
501556,0.18943751736577535
501502,0.17464234242197393
501268,0.4126474373894272
501424,0.3355148132772929
500346,0.2494066232598932
502069,0.35257450329533696
500945,0.21965613896157413
502150,0.2761123079187111
500224,0.35409948184415097
500749,0.25530957619068506
501800,0.171561208167247
500124,0.14452833325020278
500808,0.42554947266816817
501437,0.374959225050302
502331,0.37559895033058666
501689,0.34166263090528287
500264,0.2676869246324733
501879,0.4181086000417087
501882,0.4082375606834028
502111,0.37692935022546936
501335,0.19564702493712552
501137,0.5212917726090005
501171,0.38719133627606767
500974,0.264797795274026
500401,0.2714073240456699
501353,0.2328668300115907
501365,0.23014636598584984
501415,0.21921826955023963
501663,0.3821595136551162
500960,0.27255753184926174
501724,0.1859805565551954
501184,0.22222322867697766
501965,0.20533492970634618
501959,0.37302331714709414
500326,0.2821573085447564
500571,0.2834882151412324
502220,0.449972453536327
502183,0.5079936912328558
500855,0.3001425166939461
501604,0.3514362142390678
501249,0.3164118572767606
500830,0.2756688462751227
500828,0.27936767009792285
502000,0.4356481806784109
501644,0.26749042430106196
501264,0.1766124396711881
501252,0.1270452412503749
500379,0.2818408842392286
500302,0.30780992524543294
500173,0.213526844627044
501729,0.22964002939499636
500241,0.25977456098732615
501781,0.27393178687417397
501581,0.37086443586993545
502237,0.37086443586993545
500360,0.37086443586993545
502192,0.37086443586993545
501364,0.3621192065512741
501988,0.2857446591547681
500651,0.317477133650633
502031,0.23470749150890446
501254,0.23285039339884545
501684,0.20023232395323812
501005,0.2526445506706857
501371,0.34668193348891874
501123,0.37896241256558566
500773,0.45098015812188436
500735,0.26327377229514415
501653,0.3347695347864258
501630,0.37106969627055536
502341,0.31305296192021936
501631,0.3096687557153301
500143,0.26216461148768544
500555,0.3446580361032043
501778,0.3958857850061154
500207,0.24768883890063936
500080,0.18506950056825613
502113,0.3022951459820562
502036,0.4722705913762125
502162,0.345639547166666
501757,0.21507654880952207
500118,0.19563699630622292
500431,0.2971479278578075
500794,0.29772593667465713
501013,0.3624913058024999
501114,0.46697522597177654
501702,0.4810679180987288
500350,0.5516134417192426
502024,0.34179340951901244
501504,0.2582639803650887
502181,0.21157948679107236
500923,0.29994178385538767
501679,0.25773512139796945
502075,0.2984878534533834
502163,0.31935025290777097
500789,0.46561911816976326
500052,0.34672023911735306
500806,0.6882036319150188
500336,0.37804927920184733
500335,0.3258359752880218
500819,0.42461634396297915
501407,0.3565609597006532
500911,0.4399436104576082
501118,0.2865895078059488
500682,0.2800645896046914
501807,0.4226891607535001
501795,0.3448364757292216
500667,0.32565415563908523
500531,0.22640772647988489
501971,0.2864551321438108
500798,0.2747804999655957
500463,0.3426353662629977
501343,0.44318169594234785
501732,0.44125380629515515
500754,0.2841605932562564
501772,0.5538596940381915
501911,0.5586957566973896
500738,0.42870851852593134
502200,0.3216536119786888
501308,0.23327729998087568
501823,0.39135161442251004
501287,0.2850314420738662
501629,0.22699190626862548
500202,0.21615014860358778
501046,0.1804400179766263
501915,0.44840006388087755
501690,0.24643144787502289
500708,0.19947358346514105
500067,0.3446392135051394
501125,0.23725822379351091
501009,0.2206283976610933
501623,0.15832781239463187
501558,0.541691340383061
500094,0.44699592746818045
501905,0.5428776009700604
500107,0.3538127404163653
500011,0.38361381697002844
500772,0.7101102721600551
501260,0.38722806949050687
500180,0.4740796568055026
500569,0.41044294727840025
500699,0.5480909636343929
501985,0.5776205288139477
501243,0.1961322847303528
501170,0.15286896552125254
501169,0.289746674426184
500720,0.34725340767771545
502291,0.3048052537390397
502203,0.2855669047435385
501714,0.350683607158566
500742,0.4346309557309079
501964,0.2994920012412446
500512,0.28909613971233444
502101,0.2751272499695084
502009,0.2528054333312177
500240,0.27310957234799654
500187,0.17537006963909849
500921,0.19537006820513597
500530,0.30302317640412924
502316,0.2905133351359667
501872,0.3131163605522073
501796,0.3490025050476414
501461,0.24491523452767308
500884,0.17038587576262612
501033,0.15646574029737167
501020,0.27146444514060536
500074,0.32403701439409655
502258,0.22351528014077776
501098,0.23231819017618235
501705,0.20260481453083287
502362,0.5978462022538751
502167,0.5440089308287692
501136,0.31213797546006977
501458,0.3480927724165903
501753,0.15780411171203548
501212,0.35538141656308525
500491,0.3599270303496453
501297,0.25504668908364253
500608,0.2579789999221941
502233,0.22708490839606219
500191,0.12748778113898052
501028,0.32286217849059623
500619,0.30933983058511627
500117,0.17734676660859072
500072,0.16451926412479226
500120,0.45288907825916364
500612,0.35734093741135226
501528,0.4259903198628001
500137,0.39470511318634444
501277,0.22827974123481815
500162,0.24267354977647745
501276,0.1933117673046803
500839,0.19111964207609997
501100,0.1763869129903285
500873,0.37183432198434596
500448,0.3351345092128487
501969,0.27519210157670226
500618,0.19386435565858787
500317,0.44066258522274565
500194,0.2989917463012502
501168,0.34352284271515654
500829,0.295132307868831
501008,0.1939637059946695
501208,0.2633478066127307
500053,0.27593378649091854
501322,0.1838589480354846
501909,0.15700830291384504
501769,0.28246132029242277
501325,0.28590438182579814
501180,0.2799148023856863
500310,0.24250680327988028
500803,0.2063852087250104
500426,0.1418447094802472
500694,0.3136316355441008
501551,0.2921566205705697
501363,0.20553223404656545
500879,0.1650488946250214
502190,0.13753496980390104
501102,0.580077896742069
501991,0.21531937526444253
501400,0.15475402669206473
500547,0.14394072071552924
500621,0.3841173175156482
500218,0.34270334888371623
500756,0.39844672557520605
501164,0.29606862638195297
501670,0.20556297778433982
501010,0.3308217423089481
500758,0.3342603904611002
502218,0.2888770461565363
501383,0.27952354513827016
500825,0.2212961239629865
500898,0.36038533089053526
501187,0.36386239349064947
500824,0.12894524306450203
500595,0.24540438378913476
501875,0.27841054591347586
501087,0.20567186125612683
500872,0.16094891649300902
501248,0.1243129748243239
502188,0.29456503931350303
502034,0.3403218578614038
501492,0.3552156321709607
502240,0.42233102630773856
500903,0.2352679806702026
500677,0.29832403491221665
502151,0.2290617048267025
501616,0.22767065775007303
500850,0.14307008851481412
501531,0.268823208635449
501513,0.33662285161226263
500348,0.2912615496760297
502256,0.2571211518980699
500661,0.58374134341842
502268,0.3587592109214664
500145,0.287386708950009
500767,0.3113731557652694
501780,0.2794698945057899
500893,0.21207941503457323
502250,0.17440134155869644
500538,0.1842347564854321
500199,0.2634879187897559
501270,0.3593508715430954
501627,0.3831712091773097
501617,0.2866847712335369
500939,0.2028763128208743
501425,0.1405819589585799
500844,0.3337527853365733
501153,0.3664755422495179
501593,0.5152247042415993
501853,0.33160334586133516
501612,0.1950794215209818
502104,0.25983631970425614
501032,0.30420077549473235
502210,0.2356994701904198
501183,0.1835220439282165
501244,0.1495864019578471
501862,0.37795932718995706
501399,0.38871200064767997
501984,0.3203525199054719
500947,0.2586385522088392
501514,0.28513852573395715
500012,0.4237194890614946
501245,0.3893226217686151
501482,0.2833819420935322
500179,0.2651287307527903
501539,0.18824314652775972
502076,0.4119754700077323
501845,0.4485936456644637
501545,0.2517643254256733
502062,0.4886562312886331
500253,0.13116100306827883
502021,0.2353890882859401
500716,0.25461686634005354
501683,0.14602301406203377
502367,0.14375457055689025
501727,0.12109737399659942
501352,0.5093779991845074
500076,0.5124793212764478
501828,0.4285753894810011
501215,0.19152658490618174
500344,0.41148200926678447
500244,0.359568902781664
501751,0.20326633376773717
501680,0.19294584758183972
501293,0.16075979709796018
501970,0.36885642063927726
501924,0.3727127762618039
500668,0.43799484840413694
501331,0.21256171216752526
501271,0.12803264033296907
501398,0.30963556091363
500307,0.3849288785003733
501610,0.4374690171813109
500757,0.3796583582904473
502349,0.3146246072408067
501344,0.26872706213334446
501748,0.3246176954380855
501193,0.23740121317740565
501747,0.1511248524358698
500915,0.4322465204231834
501541,0.3897689628771654
501178,0.23429030026543576
500602,0.21604501302736212
501688,0.27806913061906485
500399,0.8327385196781226
500704,0.24183458866131916
501217,0.2593453553343228
502028,0.18756983746798594
501258,0.18364091386063366
500198,0.44584612230370574
500711,0.5731658720828021
500255,0.4467198154704844
501146,0.34823898504026163
501744,0.26070338725846987
500468,0.27905590837894684
500079,0.30766876700963325
502157,0.20881490980002826
501278,0.37794319402579296
502296,0.2242555560435457
502102,0.19386206694651556
500415,0.506508926691114
502274,0.5283087713153145
500239,0.3968220671294323
500003,0.2745540046604578
500167,0.2502183502108224
500809,0.3159493360944413
501532,0.3159493360944413
500722,0.27200471474081717
500566,0.27200471474081717
500259,0.3541128168763902
502295,0.3541128168763902
500028,0.2670628827873374
501808,0.2670628827873374
501721,0.2670628827873374
501488,0.2670628827873374
501523,0.42163185997655134
501318,0.42163185997655134
501092,0.42163185997655134
500931,0.42163185997655134
501086,0.2489456468113698
501647,0.2489456468113698
501994,0.2489456468113698
500050,0.2489456468113698
501467,0.37776746500262554
501138,0.4062664401362719
500433,0.4182522077669383
500424,0.43636899361326636
500659,0.19601417725559864
501379,0.39488088956347445
501361,0.4232368885682264
500488,0.34733246755645897
500813,0.2700740265026137
501707,0.3005803371462132
501505,0.2968496832225992
500370,0.26989534946816357
502198,0.31145318379344616
500380,0.31458964059261557
501819,0.18312251696898657
500221,0.2047182325212433
500106,0.3368349412416567
501662,0.39540175441344705
500152,0.43306518891765333
501925,0.21950251358731865
500071,0.16408065533810473
502345,0.15441227396455573
500528,0.3070350054859869
500971,0.32279857452476457
501664,0.17470257508347428
500318,0.16984116842037839
502365,0.12383334090593061
500295,0.30954669507363547
500853,0.27738801802409535
501695,0.18891271623555894
500473,0.1697745541508717
502106,0.13810192910354394
501273,0.32965024116294417
501448,0.28334771667805675
502267,0.19459476166556686
502011,0.2842418344841382
501835,0.2735041206567282
501397,0.24338533834566864
500559,0.19388697710009264
501307,0.14584024515859062
500836,0.2637111321001
500673,0.2629173533163422
501722,0.1826509341077595
500726,0.1600231083106935
500189,0.1346604524820688
501393,0.3911519879448267
502235,0.4238271109633994
501910,0.17728055640089097
501893,0.14678943085112298
501810,0.12620341689171058
501508,0.3176946595019529
500429,0.3146042076398121
502098,0.24698387056144183
502297,0.1416979774712399
502180,0.5122749033901839
501913,0.5552441156715969
502015,0.3098653948514029
500662,0.3289358513411628
501321,0.44795744313083297
500212,0.42816368506315355
500980,0.2831141552367813
501122,0.19134943921189612
500579,0.29897297506844095
500982,0.3105544815507017
501517,0.347164189486762
501026,0.17444124402829833
501868,0.12828778393939042
501761,0.38958935242082
500263,0.4331936456798651
500362,0.3253513573776661
501202,0.3188579959902599
502176,0.28764389851593464
501936,0.2917475618608688
500257,0.1972886101870402
500138,0.18853256933703455
500142,0.1586519278616994
501068,0.11505141527578891
500875,0.22104653291154708
500639,0.2535858990077933
500584,0.1467601944172556
501527,0.14043663542700757
502346,0.12171621394345469
500467,0.5358825884810942
501848,0.5679332265882613
501665,0.30850026873315
501119,0.4812774835520517
501228,0.27846056892911364
501552,0.35694636451565576
500215,0.8362228435416357
501569,0.5038998769851936
500807,0.7095969156919697
500937,0.2605106758929739
501958,0.28125574884573656
502358,0.19278737195855847
501983,0.2471419619472315
500924,0.1892354842676588
500707,0.24003933542058506
500905,0.2535641345570286
500258,0.1785340634837162
500755,0.16297861516823525
500698,0.16245644625992642
501737,0.1611586944485689
501743,0.2791708583550139
501429,0.5740973689029052
502263,0.340574730748535
501036,0.2301642068606022
500216,0.19591832992988836
501000,0.12633290938811592
501255,0.13041105863135552
502055,0.5414294459588812
500411,0.3826730605917737
501932,0.3297349704910022
501269,0.3167126671802626
500695,0.2585696497698359
501337,0.6326775022824651
500511,0.29918432946075785
502232,0.3155102615412029
500085,0.1818031363872734
500168,0.16977932921299577
501563,0.5696995383801887
500233,0.3258734907090629
501195,0.2984390943616455
500609,0.2984390943616455
501132,0.3573164942528365
500434,0.3420524838848592
501226,0.3775242495560918
502117,0.3655328080406779
502366,0.3484196428221273
502324,0.3416152818816789
501358,0.38093315602065153
501394,0.36887603177489253
500540,0.28159192742346306
501614,0.2926237625723348
500969,0.1721962386959978
500038,0.15910411978137287
500223,0.12368900890788094
500288,0.27704236687329176
501338,0.32734058358542895
501641,0.17857683005705463
502058,0.1632243880757072
500866,0.11985466657831505
501227,0.5622090522334351
501465,0.3605574632973467
501412,0.42968626136614113
501708,0.3255146330887954
501150,0.3013089082883129
500638,0.5572195680333862
500687,0.43969968621966293
500885,0.24758717598181976
500862,0.2199997586293859
500954,0.29824245433525415
500761,0.20334348373322822
500892,0.17225940116151742
501605,0.17146400749349952
502354,0.11330618110719937
502306,0.1203257437711399
500810,0.11228390239465966
501626,0.3418188837046854
500004,0.4950280806373375
500641,0.5738310722353974
501042,0.4089160946046384
501236,0.32459657807281866
502025,0.2991355070751398
501022,0.28350528014069404
500365,0.34072686969864396
501953,0.2317279451319377
501077,0.2122827460132463
500035,0.5218605651484538
500200,0.37362414024655527
501904,0.338576243734734
501515,0.3392026547136761
502137,0.2480764959585708
500499,0.21072232232854332
501116,0.17485072875724283
502196,0.28068105085705625
500195,0.19612540718395777
502230,0.19165920981155032
500542,0.14887543798831898
502133,0.37392420610740834
501765,0.29835988968413096
501062,0.2793162133312373
501387,0.3025869474885316
500496,0.312657260181036
500367,0.3139557274212243
501127,0.11392473255105937
500790,0.35824636515412817
500141,0.37476302287959534
501863,0.34858664747402457
501323,0.26941120987830725
500093,0.19972840952768528
501478,0.1647997886313101
500337,0.27893504884353826
501990,0.2044915668081094
501316,0.24600832268762132
500032,0.1490260810673019
500997,0.43757655018719094
502308,0.23414854319209577
502254,0.3614893763942975
501789,0.19953406123599285
500480,0.1954057510817553
500283,0.17367043822664763
501159,0.2681500641057438
501618,0.3354330871743771
501197,0.22193387986249996
501327,0.17149554645199122
500821,0.38291439367642965
500057,0.27451654898816163
500914,0.3007223769963141
501201,0.25855332138361764
501445,0.3354388108177333
500446,0.1780173768943901
502008,0.14684698877854124
501288,0.2189907986780149
501330,0.259963012468387
501914,0.16695559662815274
502224,0.1464612305376944
501718,0.11108884713347492
502085,0.3178112625450299
500178,0.29013498646238395
501873,0.23943192973469854
501402,0.15503864616406976
500188,0.4147668108488072
500210,0.19826801267272925
500918,0.13104311960293752
500030,0.12226209045683205
501298,0.10648248227963975
502114,0.3393211047492326
501416,0.3628280291722673
501442,0.21302670210691776
502056,0.2333592008348458
500640,0.16856324047639107
500535,0.37476620085629253
501149,0.2709522616225132
500692,0.2726694381883142
500073,0.1976761425762804
500874,0.16238059230029267
501499,0.12920774483164238
500833,0.33621812927224226
501061,0.29678856240225515
500164,0.16284527261464224
502073,0.1441552325167283
501359,0.5212364107478662
501890,0.5340315496156499
501602,0.4189728264647029
500105,0.19482309983526308
501584,0.618804668378011
500897,0.9523809523809523
502092,0.6992328251119069
500629,0.432975895406343
502286,0.4968826318477158
500020,0.3805212478627533
500623,0.2809922439214851
500545,0.17192970988607634
501144,0.1652055570824049
502197,0.16932872133940602
501908,0.26541357685230704
501105,0.2551151543819593
500627,0.275412231151496
500849,0.20680887419367025
500147,0.1775743637591461
500691,0.14806441156393982
502096,0.4079660879712646
501083,0.23659600129537017
500506,0.17346104715256722
500933,0.127776274262763
502029,0.2777284403698509
501678,0.31777997022936527
501923,0.18447588094198308
500781,0.15615400600391083
500154,0.11495427236655503
501451,0.318088601982708
500214,0.4118231799646125
500588,0.27173865408424946
500581,0.1627759755268517
500946,0.43921712576368216
500010,0.3251697611375435
502193,0.2923555013555096
500712,0.30888224520589674
502261,0.31576779113740183
500929,0.2950776384487847
500654,0.31891114004182763
502003,0.21631235269260662
500509,0.2722970605829512
500784,0.2324587863880872
501045,0.36176057581594756
501546,0.3311426568050708
500070,0.28838305795843155
501542,0.25931479623915527
500575,0.46770971156858676
502223,0.49574980475662056
501595,0.37233739261031856
501933,0.3067578961672182
500238,0.3032013260144011
501346,0.22205024498873674
500599,0.2084595863942391
501599,0.2070932682960533
501669,0.46104191762604313
501889,0.3896483700704815
501284,0.299365354707671
500747,0.27715464535081413
500782,0.24852419898669223
501196,0.6053358646521212
501811,0.613273645545762
500374,0.3270283861155261
501074,0.18872998776343944
502348,0.4674346112784388
501606,0.4895335875181729
501773,0.3610061772292014
500100,0.42316887718277024
501179,0.38001050892168314
501717,0.301257675663877
502070,0.3105777201980407
500948,0.22722290605551534
501568,0.18512827332207976
501173,0.13254458194476637
501410,0.5956998419820737
501734,0.42544393270383213
500550,0.2077673882522459
502142,0.14288549794108776
502089,0.31584364263314496
501076,0.34804841299684797
500285,0.3977218135080074
500402,0.44882727011117174
501762,0.3212112029766915
501586,0.3474402688186244
501802,0.38216540328096865
502252,0.2794229569816687
500193,0.2721093761131734
501476,0.1965894573496569
501899,0.34551087731107477
502014,0.3992802331591702
500734,0.18406882869994254
500977,0.14208035324428764
501126,0.3054952997562765
501716,0.33454157569551146
500563,0.4872099345947492
500230,0.3701915868302969
500447,0.4477164876666791
500497,0.4999014082614613
500700,0.4478031433554691
500904,0.3426283573806165
502305,0.21275481187049292
502158,0.16732862864719825
502314,0.29930550744890155
500226,0.2626211044563602
501657,0.4467549422427454
501730,0.44090405349615136
500992,0.29013556471863794
502052,0.18419149208821095
502166,0.30231419187618364
501918,0.13692926148651824
500968,0.28192475215531265
501213,0.33882506285873615
500321,0.2472805664266844
501825,0.1971433177271467
501870,0.1951496028818347
501703,0.3148164956800276
500443,0.3569564443191301
500405,0.24798889722460699
501041,0.23310102551508122
500967,0.32462585813378253
501929,0.2285935342870555
501439,0.20190623780951092
500986,0.14038551298724497
502077,0.5185223945500148
501262,0.31943100516139805
501852,0.5603399578419548
500299,0.4460153634586687
501413,0.46717198089955847
501176,0.2673536446719296
501638,0.23628201122134757
500211,0.21604536899874296
500943,0.27660424173787906
500736,0.18118766032584446
500709,0.2117952576636372
500732,0.25029674173831706
500523,0.2813748562517192
500043,0.1547318058811492
501682,0.15151620448839567
500562,0.14972145050902555
501490,0.2781230740945388
501004,0.24072511354978668
500385,0.16380194974911727
501922,0.17941776221747532
500184,0.3175065678472253
500895,0.2899989355684941
502047,0.31086641857265773
502146,0.1661909108492162
502054,0.16680740583747838
501141,0.14181149503816337
500123,0.2491686167851253
502245,0.26614681103255217
500697,0.2948636373375209
501562,0.38590439267677684
502363,0.6170050920462787
500469,0.2543044927181066
501438,0.24445549205194156
500275,0.2660711733337401
500670,0.15759936739952243
500984,0.1504786137660095
502356,0.4284696690432497
501229,0.4148296525714532
500962,0.34459795873297083
500958,0.2640785045437229
501894,0.23830637016080436
501954,0.2770721848008835
501877,0.19859365856466876
501023,0.18180094186850065
500156,0.15947544913549114
500345,0.2281414258699166
502038,0.29376398988172625
501816,0.1942993723095472
500177,0.17375067033100786
502010,0.1252987517444917
500685,0.2968482273717363
501091,0.36541007534065884
501501,0.24090693714019837
501837,0.36257860339719533
501274,0.40654249737637876
500899,0.2700483522741254
501486,0.21935225704698882
501767,0.5417383935653453
500502,0.5157836268867505
501806,0.21725524516179281
502019,0.3819727068250781
500942,0.18824920289945452
501754,0.5283810102282122
500861,0.5581328139117294
502219,0.3497535662761987
502352,0.29512278682164506
501001,0.30702568752161935
501034,0.20262460370362248
500297,0.17864133995444476
501120,0.14469229692171848
501649,0.1301665929678789
500906,0.32710809390598117
500277,0.4329786084323968
501901,0.2862143613058652
500548,0.2553454539217222
501500,0.16331470947077098
500353,0.159061557862083
500792,0.10989799632519293
500292,0.34548965310343493
501920,0.36390197448907796
500701,0.34548965310343493
500652,0.36390197448907796
500372,0.34548965310343493
500026,0.34548965310343493
501261,0.3652066110150745
500227,0.3652066110150745
502068,0.3652066110150745
502164,0.3652066110150745
501405,0.2893631782212665
501814,0.2893631782212665
502278,0.2893631782212665
502020,0.2893631782212665
501731,0.2646242306836674
500279,0.2646242306836674
500870,0.2646242306836674
500693,0.2646242306836674
500507,0.4859463138922806
500477,0.4267876012204984
500710,0.3121349950607574
501479,0.18982242888025094
501299,0.3063069162848223
501916,0.2538385845233966
500319,0.27225678727800573
500006,0.1621838207797282
502071,0.16130587470127494
501377,0.17143032085418136
501975,0.2785499378847818
500165,0.27750801888476384
501771,0.2981315671464775
500420,0.3323091176854298
500160,0.42056604432654254
501460,0.3609305605771801
501286,0.22252090592621518
501472,0.3389046170790548
502130,0.43177235804532227
500932,0.3961758674317401
501793,0.2871908356057182
501996,0.26267064811364177
501939,0.30355455125883235
501798,0.24497969316812496
501440,0.16979778758076508
500842,0.15251479371428622
500603,0.2798681899998998
501715,0.2286894091972275
501520,0.17745222432313837
502093,0.24587568466838366
501194,0.2904964631324801
500033,0.14870093407281199
500565,0.1705589386222878
500995,0.10929817523963743
501876,0.36459707653217466
500680,0.3130312147657421
501311,0.41061980613528987
500172,0.29131362585162
502185,0.2141859098124433
501016,0.20681256207822798
500613,0.18162945207363954
501938,0.3005338183833782
501619,0.3721144593876593
500834,0.27486466392176456
500333,0.31299156511359477
501050,0.18864930781536998
501181,0.16747440823115572
501548,0.13304494168040798
500096,0.21597186225393022
500155,0.35599969711791685
501677,0.42776021870349923
500765,0.20008097646136333
502329,0.19375454640555526
502154,0.24996643324991435
501553,0.5091698730095688
500916,0.4595525934657538
501671,0.27396165057213495
501133,0.27798424375007874
500527,0.32864257568453603
500475,0.4887705815363671
501390,0.27250919904785065
501205,0.3425437002201521
500518,0.19771106485589096
500293,0.39472912300489404
501259,0.4225642748228027
500098,0.34397450648772626
501006,0.40032863663436524
501582,0.39761185944251937
501303,0.40758868607440024
500622,0.45184085463500434
501300,0.29143956030550744
500926,0.2798120112271652
501855,0.34774777597669226
501842,0.3050078458003569
501886,0.3495583163785729
501070,0.2083031072085988
500714,0.16035595822552992
500065,0.1279318074663526
501561,0.3820202438185028
502094,0.378007331185095
501143,0.32002619863655235
500973,0.17695110895141483
500847,0.28136173593775904
500869,0.4903517122519638
501871,0.28761866741747255
501374,0.54488640080104
501007,0.45026491441024313
501752,0.22596614044212648
501624,0.1687539416517954
501643,0.11062633256216314
502061,0.3765324746924877
502262,0.29505737417263234
