RUN,val_AUC,BATCH_SIZE,loss,EPOCHS,val_loss,accuracy,val_accuracy,AUC,LR,NEURONS
0,0.4766127,1024,1.275138654159377,0,0.7242166548469471,0.6208749,0.75202864,0.5005929,1e-05,[512; 1024]
0,0.6755678,1024,0.7842011970118334,50,0.529405580272538,0.69105446,0.7544153,0.54383266,1e-05,[512; 1024]
0,0.6773906,1024,0.6436646885210854,100,0.5562213184440904,0.72041535,0.75847256,0.57501733,1e-05,[512; 1024]
0,0.6909899,1024,0.5816932898109267,150,0.5862915663275343,0.7344393,0.7572792,0.60394883,1e-05,[512; 1024]
0,0.71236426,1024,0.5558927581732417,200,0.5910713562248431,0.7482843,0.7572792,0.619955,1e-05,[512; 1024]
0,0.72419214,1024,0.5373030071533998,250,0.583807134030827,0.754431,0.7572792,0.6441394,1e-05,[512; 1024]
0,0.7300675,1024,0.5287418067224087,300,0.5733564777988807,0.7589067,0.7594272,0.65616584,1e-05,[512; 1024]
0,0.7352546,1024,0.5245093514606692,350,0.5609786183851146,0.76141316,0.76157516,0.6639352,1e-05,[512; 1024]
0,0.7394531,1024,0.5161326076212251,400,0.550095676920579,0.76391953,0.7639618,0.6801058,1e-05,[512; 1024]
0,0.74424464,1024,0.5129603975754106,450,0.5427145170141233,0.7673808,0.7677804,0.6852341,1e-05,[512; 1024]
0,0.74766076,1024,0.5064787913380385,500,0.5357298836787732,0.76750016,0.7725537,0.7000001,1e-05,[512; 1024]
0,0.75175214,1024,0.49945773890986395,550,0.5278614324146352,0.7714985,0.7754177,0.71176785,1e-05,[512; 1024]
0,0.75541705,1024,0.5005433788417368,600,0.5235713267098748,0.7712598,0.7754177,0.7120568,1e-05,[512; 1024]
0,0.7592899,1024,0.49916997923446654,650,0.5196525988260147,0.7716178,0.778043,0.7131159,1e-05,[512; 1024]
0,0.76258713,1024,0.4939177916251568,700,0.5135318024915272,0.77257264,0.7818616,0.72225577,1e-05,[512; 1024]
0,0.76637787,1024,0.49207226200640725,750,0.5076273173591687,0.7744823,0.7830549,0.72621346,1e-05,[512; 1024]
0,0.7699957,1024,0.48624858677212945,800,0.5055734016730279,0.77770483,0.7849642,0.73543817,1e-05,[512; 1024]
0,0.77319634,1024,0.4845357039965458,850,0.5014515199069476,0.776929,0.78973746,0.7383672,1e-05,[512; 1024]
0,0.77611476,1024,0.48105798298272384,900,0.4987489264449527,0.7800322,0.79236275,0.74354666,1e-05,[512; 1024]
0,0.7792428,1024,0.47920257874673966,950,0.4941506578700355,0.78122574,0.7930788,0.7455837,1e-05,[512; 1024]
0,0.7819628,1024,0.4791494383976711,1000,0.4919520611694718,0.7808677,0.7954654,0.74512035,1e-05,[512; 1024]
1,0.47433463,1024,1.3588855135175475,0,0.8368482463968682,0.59819776,0.75990456,0.5007669,1e-05,[1024; 1024]
1,0.6926798,1024,0.7318755367700429,50,0.5228572063343622,0.69594795,0.76563245,0.55863535,1e-05,[1024; 1024]
1,0.7021114,1024,0.59264400204248,100,0.5791876605416255,0.73664737,0.7673031,0.60609984,1e-05,[1024; 1024]
1,0.70813876,1024,0.5561253247905861,150,0.5886170190103299,0.74691176,0.7646778,0.6265577,1e-05,[1024; 1024]
1,0.7117582,1024,0.5359316374689738,200,0.5755632642345383,0.7551471,0.76515514,0.64952505,1e-05,[1024; 1024]
1,0.7175535,1024,0.5238507665654188,250,0.5618662091029857,0.7609954,0.7684964,0.6706162,1e-05,[1024; 1024]
1,0.7235952,1024,0.5133454430969075,300,0.5473387348338926,0.76565015,0.7680191,0.69001055,1e-05,[1024; 1024]
1,0.73005575,1024,0.5084278005105097,350,0.5373692661594947,0.7672018,0.774463,0.69982207,1e-05,[1024; 1024]
1,0.73609257,1024,0.5002741606677853,400,0.5276789332062077,0.77036464,0.77756566,0.714297,1e-05,[1024; 1024]
1,0.74201345,1024,0.49980676507632543,450,0.52117810639106,0.77155817,0.7804296,0.71630764,1e-05,[1024; 1024]
1,0.74696577,1024,0.49774603026788405,500,0.5125768013387421,0.7699469,0.7840096,0.7201844,1e-05,[1024; 1024]
1,0.7524868,1024,0.4878342667068894,550,0.505497322162182,0.7740049,0.7849642,0.73613644,1e-05,[1024; 1024]
1,0.7580424,1024,0.4850817393337463,600,0.5024205630605146,0.78200155,0.78520286,0.7382477,1e-05,[1024; 1024]
1,0.7619158,1024,0.48204303625454203,650,0.4964626448393437,0.78080803,0.7863962,0.7433809,1e-05,[1024; 1024]
1,0.7664865,1024,0.4755253876643526,700,0.49166315708638375,0.7828967,0.78878284,0.75527996,1e-05,[1024; 1024]
1,0.77111834,1024,0.4720160001116891,750,0.488595373704496,0.78325474,0.7890215,0.76026475,1e-05,[1024; 1024]
1,0.7748707,1024,0.4694285824598785,800,0.4831659979069148,0.78838694,0.78973746,0.7636096,1e-05,[1024; 1024]
1,0.7780646,1024,0.4685289521927892,850,0.48072970286189515,0.78635794,0.7914081,0.76500547,1e-05,[1024; 1024]
1,0.7811339,1024,0.4660819508746678,900,0.47627450576261005,0.79202724,0.7935561,0.76630604,1e-05,[1024; 1024]
1,0.7833254,1024,0.464869167222864,950,0.47344938912084394,0.78850627,0.7959427,0.76923287,1e-05,[1024; 1024]
1,0.7857085,1024,0.45859762312525487,1000,0.4709355141211808,0.7933401,0.797136,0.7773468,1e-05,[1024; 1024]
2,0.44594607,1024,1.3117585370853209,0,0.6015565955553532,0.62690216,0.7601432,0.49882522,1e-05,[512; 1024; 1024]
2,0.6278193,1024,0.7261319701694507,50,0.5796245533128342,0.6898013,0.7589499,0.5099707,1e-05,[512; 1024; 1024]
2,0.6048768,1024,0.626446135684927,100,0.608828347907146,0.720475,0.76157516,0.5349055,1e-05,[512; 1024; 1024]
2,0.6085142,1024,0.5909361116405375,150,0.6158946928943825,0.7330071,0.7608592,0.5526989,1e-05,[512; 1024; 1024]
2,0.63218504,1024,0.5685257504796928,200,0.6125798396677277,0.7454198,0.76109785,0.5804673,1e-05,[512; 1024; 1024]
2,0.65230113,1024,0.5577274011976574,250,0.6106715332067667,0.7495375,0.76109785,0.59754884,1e-05,[512; 1024; 1024]
2,0.6644025,1024,0.5458138228643693,300,0.6043507492912129,0.7537745,0.7639618,0.62320256,1e-05,[512; 1024; 1024]
2,0.6762045,1024,0.5380189217608818,350,0.5983394145965576,0.75508744,0.76420045,0.6386213,1e-05,[512; 1024; 1024]
2,0.6840203,1024,0.5267569423433263,400,0.590111510139092,0.75938416,0.7639618,0.66351867,1e-05,[512; 1024; 1024]
2,0.6912647,1024,0.521365760611543,450,0.5819058159370696,0.76362115,0.7653938,0.6736647,1e-05,[512; 1024; 1024]
2,0.6963006,1024,0.5203477534355281,500,0.5757592124415468,0.75992125,0.76658714,0.6778961,1e-05,[512; 1024; 1024]
2,0.70229673,1024,0.5126889510656119,550,0.568838444558419,0.7636809,0.77016705,0.69228905,1e-05,[512; 1024; 1024]
2,0.70827293,1024,0.5087945199300162,600,0.5647054122285229,0.7635018,0.7725537,0.7011777,1e-05,[512; 1024; 1024]
2,0.7141028,1024,0.5063178195865582,650,0.5590433566553211,0.77090174,0.77016705,0.7029698,1e-05,[512; 1024; 1024]
2,0.7181996,1024,0.5011011242098204,700,0.5513506483917874,0.7694695,0.77207637,0.7140998,1e-05,[512; 1024; 1024]
2,0.72293043,1024,0.49924802816788466,750,0.5474192840387258,0.77263236,0.77279234,0.7169122,1e-05,[512; 1024; 1024]
2,0.7284739,1024,0.4951878659706835,800,0.5407332080076304,0.7758549,0.7732697,0.7220354,1e-05,[512; 1024; 1024]
2,0.73390174,1024,0.49159283962967987,850,0.5372125802859486,0.7750194,0.77159905,0.72945464,1e-05,[512; 1024; 1024]
2,0.73870707,1024,0.4877514338791424,900,0.5313777299940159,0.7758549,0.7718377,0.73594844,1e-05,[512; 1024; 1024]
2,0.7439965,1024,0.4859075119602529,950,0.5255542392804685,0.7786,0.77565634,0.7384855,1e-05,[512; 1024; 1024]
2,0.74901736,1024,0.4815360812058261,1000,0.5214498622605226,0.78092736,0.7782816,0.74502105,1e-05,[512; 1024; 1024]
3,0.4921432,1024,1.1540555077001204,0,0.5853024247864834,0.60607505,0.7532219,0.49541652,1e-05,[512; 1024; 2048]
3,0.6731868,1024,0.6758370593260444,50,0.5637560437857962,0.7063317,0.7548926,0.5256216,1e-05,[512; 1024; 2048]
3,0.682755,1024,0.6094756355367882,100,0.5911611470231577,0.73056036,0.7587112,0.54337764,1e-05,[512; 1024; 2048]
3,0.69179183,1024,0.5755070797930528,150,0.601269114188192,0.74004894,0.75799525,0.579028,1e-05,[512; 1024; 2048]
3,0.7090541,1024,0.5554991301235609,200,0.6046035419500528,0.75073105,0.7618138,0.60215074,1e-05,[512; 1024; 2048]
3,0.7205301,1024,0.5437804565848275,250,0.601026463793115,0.75681806,0.7653938,0.6254742,1e-05,[512; 1024; 2048]
3,0.730781,1024,0.5339106626596557,300,0.5943099454365368,0.7581309,0.76658714,0.6435529,1e-05,[512; 1024; 2048]
3,0.7391323,1024,0.5331371967601998,350,0.5891350670475379,0.75872767,0.7680191,0.6467671,1e-05,[512; 1024; 2048]
3,0.74541014,1024,0.5221827737918124,400,0.5801160127849169,0.76117444,0.76968974,0.6715793,1e-05,[512; 1024; 2048]
3,0.7523162,1024,0.5192396381383382,450,0.5741781334888395,0.7626067,0.77303106,0.67541593,1e-05,[512; 1024; 2048]
3,0.7567992,1024,0.5149312115458278,500,0.5694924872928702,0.7649937,0.7778043,0.6838585,1e-05,[512; 1024; 2048]
3,0.7608733,1024,0.5128915466342855,550,0.5652402201529619,0.7660679,0.7825776,0.68702304,1e-05,[512; 1024; 2048]
3,0.76513696,1024,0.505494166371674,600,0.5595802894071065,0.76875335,0.78424823,0.7029288,1e-05,[512; 1024; 2048]
3,0.76855266,1024,0.5004909036124942,650,0.5539861662575624,0.7694695,0.7835322,0.7118832,1e-05,[512; 1024; 2048]
3,0.77236056,1024,0.49756622045543947,700,0.5492620275811535,0.77388555,0.7861575,0.71398866,1e-05,[512; 1024; 2048]
3,0.77607363,1024,0.4919840693918441,750,0.546542269517812,0.7768097,0.7861575,0.7264413,1e-05,[512; 1024; 2048]
3,0.77983755,1024,0.48796531272409727,800,0.5395940918057517,0.7755565,0.78735083,0.73166966,1e-05,[512; 1024; 2048]
3,0.7829252,1024,0.4891392651325323,850,0.5341878052258549,0.7760339,0.7921241,0.73230666,1e-05,[512; 1024; 2048]
3,0.78645205,1024,0.48383859147097563,900,0.5287818940840928,0.77901775,0.7928401,0.74063045,1e-05,[512; 1024; 2048]
3,0.789693,1024,0.48171179655763935,950,0.5233720017219216,0.7822403,0.79331744,0.74318177,1e-05,[512; 1024; 2048]
3,0.79240274,1024,0.4808561625145298,1000,0.5202546408466622,0.7812854,0.7961814,0.7449709,1e-05,[512; 1024; 2048]
4,0.45211223,1024,1.5771812054140155,0,0.5712603362761705,0.5845915,0.75990456,0.48691198,1e-05,[512; 512; 512; 512]
4,0.551696,1024,0.7538194463049134,50,0.6314731119356178,0.6806111,0.7601432,0.50369686,1e-05,[512; 512; 512; 512]
4,0.5741556,1024,0.6524570643129955,100,0.6427060402094038,0.7081817,0.7601432,0.5025837,1e-05,[512; 512; 512; 512]
4,0.61004436,1024,0.6115425856705177,150,0.6433621732318031,0.72882974,0.76062053,0.50851554,1e-05,[512; 512; 512; 512]
4,0.62854177,1024,0.5889675287519711,200,0.6427026039945197,0.74195856,0.76062053,0.52101284,1e-05,[512; 512; 512; 512]
4,0.63999283,1024,0.5732734722553876,250,0.6416713234632851,0.7495972,0.75990456,0.54313874,1e-05,[512; 512; 512; 512]
4,0.65746105,1024,0.5655419997634826,300,0.6378851738351626,0.7494778,0.7582339,0.55757135,1e-05,[512; 512; 512; 512]
4,0.6728627,1024,0.5575743142990948,350,0.6339238400960026,0.7528794,0.76109785,0.57564765,1e-05,[512; 512; 512; 512]
4,0.6850427,1024,0.551791773076031,400,0.6300331966973717,0.75466967,0.76300716,0.5928023,1e-05,[512; 512; 512; 512]
4,0.6925726,1024,0.5475126460542284,450,0.6254576883054291,0.7539536,0.76300716,0.6094004,1e-05,[512; 512; 512; 512]
4,0.7001816,1024,0.5426535239586463,500,0.6207823984662787,0.75359553,0.76372313,0.62335527,1e-05,[512; 512; 512; 512]
4,0.70731235,1024,0.5363834160761609,550,0.6145834425184209,0.75550514,0.7668258,0.64127755,1e-05,[512; 512; 512; 512]
4,0.71351886,1024,0.5329447813105767,600,0.609958474419851,0.7547294,0.7673031,0.64915663,1e-05,[512; 512; 512; 512]
4,0.7200925,1024,0.5262550685879097,650,0.6043027795584504,0.7572954,0.76825774,0.66644347,1e-05,[512; 512; 512; 512]
4,0.72581655,1024,0.5260335470310165,700,0.5991535908851533,0.7568777,0.77112174,0.666809,1e-05,[512; 512; 512; 512]
4,0.73243856,1024,0.5247286455887502,750,0.5932193765776823,0.758668,0.773747,0.66952765,1e-05,[512; 512; 512; 512]
4,0.7362407,1024,0.5197321836210104,800,0.5882522194652967,0.7594438,0.7770883,0.6810589,1e-05,[512; 512; 512; 512]
4,0.7397925,1024,0.5152630094924988,850,0.5836923825427854,0.7608164,0.7813842,0.6918901,1e-05,[512; 512; 512; 512]
4,0.743275,1024,0.514327248244608,900,0.5779260663826881,0.76320344,0.7840096,0.69272506,1e-05,[512; 512; 512; 512]
4,0.7470778,1024,0.5098310916301579,950,0.5723326206207275,0.7630841,0.78377086,0.7011172,1e-05,[512; 512; 512; 512]
4,0.75013804,1024,0.5059523613546674,1000,0.5684162822145267,0.76344216,0.7868735,0.70827794,1e-05,[512; 512; 512; 512]
5,0.5422087,1024,1.2730244784834077,0,0.5566324443691955,0.63788265,0.76157516,0.50234216,3.0000000000000004e-05,[512; 1024]
5,0.7006782,1024,0.5951010684391661,50,0.5799586257103804,0.72787493,0.7680191,0.5929235,3.0000000000000004e-05,[512; 1024]
5,0.73021734,1024,0.5345506576853777,100,0.5776994469626706,0.7552664,0.7708831,0.6542212,3.0000000000000004e-05,[512; 1024]
5,0.7432373,1024,0.5186875044833563,150,0.5473832481231781,0.7633228,0.776611,0.6801954,3.0000000000000004e-05,[512; 1024]
5,0.7560981,1024,0.5078832825556101,200,0.5287101354832296,0.7653518,0.78424823,0.7010989,3.0000000000000004e-05,[512; 1024]
5,0.767599,1024,0.4958183212351271,250,0.5133609578262366,0.76875335,0.79236275,0.7238513,3.0000000000000004e-05,[512; 1024]
5,0.7790841,1024,0.48512193470786036,300,0.5010966007635531,0.7753178,0.7909308,0.7425245,3.0000000000000004e-05,[512; 1024]
5,0.7870617,1024,0.47985083277729024,350,0.4865024700796405,0.7783016,0.7928401,0.7494075,3.0000000000000004e-05,[512; 1024]
5,0.79473174,1024,0.4707741478380571,400,0.47770363278775907,0.783016,0.79379475,0.7651188,3.0000000000000004e-05,[512; 1024]
5,0.7998068,1024,0.4684598633755276,450,0.4735200186617904,0.78737247,0.7990453,0.76505876,3.0000000000000004e-05,[512; 1024]
5,0.8035163,1024,0.46407772699980004,500,0.46251663079125216,0.78767085,0.8011933,0.77097875,3.0000000000000004e-05,[512; 1024]
5,0.80621314,1024,0.4588931061213189,550,0.45957634766232713,0.7949514,0.80429596,0.7768084,3.0000000000000004e-05,[512; 1024]
5,0.80809325,1024,0.4556808514168049,600,0.45221297783612635,0.79447395,0.8078759,0.780047,3.0000000000000004e-05,[512; 1024]
5,0.81051856,1024,0.45001014887649887,650,0.4472099148999535,0.7969207,0.8078759,0.78878736,3.0000000000000004e-05,[512; 1024]
5,0.8119874,1024,0.4478363430538446,700,0.4440472851505143,0.80181414,0.81408113,0.78977674,3.0000000000000004e-05,[512; 1024]
5,0.8124644,1024,0.4428882637950595,750,0.443832505218738,0.8017545,0.81288785,0.7971199,3.0000000000000004e-05,[512; 1024]
5,0.81390744,1024,0.43731961098172295,800,0.44210519188912784,0.8072447,0.81694514,0.80124414,3.0000000000000004e-05,[512; 1024]
5,0.816195,1024,0.43459906762743394,850,0.4377663123721439,0.81004953,0.81742245,0.8038251,3.0000000000000004e-05,[512; 1024]
5,0.8177784,1024,0.42821372317237716,900,0.43775321583759247,0.8122576,0.8195704,0.81112254,3.0000000000000004e-05,[512; 1024]
5,0.81880516,1024,0.42604237163330794,950,0.43410190800493825,0.8150027,0.821241,0.8133295,3.0000000000000004e-05,[512; 1024]
5,0.820397,1024,0.42420577091982054,1000,0.43424086650402277,0.8139882,0.82147974,0.8161175,3.0000000000000004e-05,[512; 1024]
6,0.4741794,1024,1.4485919864904613,0,0.8360024378806139,0.6286925,0.7618138,0.48628128,3.0000000000000004e-05,[1024; 1024]
6,0.7073403,1024,0.5668843628299217,50,0.5833746173216791,0.74464405,0.7673031,0.623673,3.0000000000000004e-05,[1024; 1024]
6,0.7273639,1024,0.5220799674821041,100,0.5753400983844565,0.7612341,0.7749403,0.6771653,3.0000000000000004e-05,[1024; 1024]
6,0.7442682,1024,0.5040360791533661,150,0.5379818487707926,0.7678582,0.7813842,0.7104718,3.0000000000000004e-05,[1024; 1024]
6,0.76049185,1024,0.49039903068454266,200,0.5163494647402752,0.7740049,0.7861575,0.7329345,3.0000000000000004e-05,[1024; 1024]
6,0.77496177,1024,0.48220038147226485,250,0.5004608743230596,0.78050965,0.78663486,0.74674565,3.0000000000000004e-05,[1024; 1024]
6,0.78634745,1024,0.4739127354469079,300,0.48541882493330923,0.78528374,0.7935561,0.75794035,3.0000000000000004e-05,[1024; 1024]
6,0.79427624,1024,0.4622481170535522,350,0.4735066777908717,0.79202724,0.7973747,0.77243173,3.0000000000000004e-05,[1024; 1024]
6,0.80029166,1024,0.45969757517738485,400,0.46654082576528655,0.79065466,0.8011933,0.7765588,3.0000000000000004e-05,[1024; 1024]
6,0.80463696,1024,0.45164897413123456,450,0.4580679064718806,0.7951304,0.80692124,0.7872233,3.0000000000000004e-05,[1024; 1024]
6,0.80739176,1024,0.4450961339709909,500,0.45065259247804884,0.80085933,0.81193316,0.79454833,3.0000000000000004e-05,[1024; 1024]
6,0.8101341,1024,0.4425238367836366,550,0.44897928067209614,0.8015755,0.8150358,0.7967031,3.0000000000000004e-05,[1024; 1024]
6,0.8117649,1024,0.4376222339433809,600,0.4460917572986539,0.8065286,0.8162291,0.80189407,3.0000000000000004e-05,[1024; 1024]
6,0.81347466,1024,0.4376923953205616,650,0.4426367878487116,0.8063496,0.8171838,0.8020114,3.0000000000000004e-05,[1024; 1024]
6,0.8149993,1024,0.4279263548398705,700,0.43910527102702557,0.8129737,0.81742245,0.8113615,3.0000000000000004e-05,[1024; 1024]
6,0.81660014,1024,0.42459943190554045,750,0.43843459558088627,0.8134511,0.8188544,0.8133361,3.0000000000000004e-05,[1024; 1024]
6,0.8181182,1024,0.4187441598513946,800,0.43851246793970006,0.816614,0.82004774,0.81996024,3.0000000000000004e-05,[1024; 1024]
6,0.8189979,1024,0.41111327684735915,850,0.43555802573452135,0.81828487,0.8221957,0.83015835,3.0000000000000004e-05,[1024; 1024]
6,0.82044196,1024,0.40823321991407296,900,0.4347294337425141,0.8215671,0.8229117,0.8308963,3.0000000000000004e-05,[1024; 1024]
6,0.8209139,1024,0.3987451873769935,950,0.4330665697061361,0.8265799,0.82147974,0.84045804,3.0000000000000004e-05,[1024; 1024]
6,0.82187825,1024,0.39735271022307983,1000,0.4318046185025736,0.82956374,0.82458234,0.84044814,3.0000000000000004e-05,[1024; 1024]
7,0.58025557,1024,1.228961633918834,0,0.5564434957959487,0.64731157,0.75059664,0.4970333,3.0000000000000004e-05,[512; 1024; 1024]
7,0.66273075,1024,0.5859665284615225,50,0.6157519901282463,0.73867637,0.7558473,0.5603511,3.0000000000000004e-05,[512; 1024; 1024]
7,0.701479,1024,0.5448569794674936,100,0.6063749823763718,0.7541326,0.75799525,0.62425184,3.0000000000000004e-05,[512; 1024; 1024]
7,0.7181932,1024,0.5248967757346401,150,0.586307718446545,0.7594438,0.7622912,0.66424114,3.0000000000000004e-05,[512; 1024; 1024]
7,0.7304408,1024,0.5087560003047243,200,0.5706127396915863,0.7655905,0.77016705,0.6955379,3.0000000000000004e-05,[512; 1024; 1024]
7,0.7420343,1024,0.49954283984605075,250,0.5542538061062305,0.77108073,0.77613366,0.71400654,3.0000000000000004e-05,[512; 1024; 1024]
7,0.754198,1024,0.4908982681162411,300,0.537515957600177,0.772513,0.7804296,0.7284321,3.0000000000000004e-05,[512; 1024; 1024]
7,0.7650675,1024,0.4840035602195156,350,0.5223809442116139,0.77889836,0.7835322,0.7405495,3.0000000000000004e-05,[512; 1024; 1024]
7,0.7760988,1024,0.47602526594113215,400,0.5089549318418298,0.78176284,0.7894988,0.75243694,3.0000000000000004e-05,[512; 1024; 1024]
7,0.78307664,1024,0.4627361131228759,450,0.4936129566024198,0.7888644,0.79069215,0.7693549,3.0000000000000004e-05,[512; 1024; 1024]
7,0.7886383,1024,0.45831133817128195,500,0.4872246713939885,0.7915498,0.7945107,0.77632684,3.0000000000000004e-05,[512; 1024; 1024]
7,0.79213804,1024,0.4560910549946074,550,0.48155787750758533,0.7927433,0.79785204,0.779206,3.0000000000000004e-05,[512; 1024; 1024]
7,0.79508454,1024,0.4516407071622835,600,0.47747545146999043,0.7951304,0.80429596,0.78504574,3.0000000000000004e-05,[512; 1024; 1024]
7,0.79777557,1024,0.4467676622742947,650,0.4728585948949782,0.8026496,0.8076372,0.78971237,3.0000000000000004e-05,[512; 1024; 1024]
7,0.7996872,1024,0.4403737878955235,700,0.46945019840909646,0.8058722,0.81193316,0.7967504,3.0000000000000004e-05,[512; 1024; 1024]
7,0.8017901,1024,0.4393946758750487,750,0.46552013493096345,0.80461895,0.81551313,0.798796,3.0000000000000004e-05,[512; 1024; 1024]
7,0.8033562,1024,0.4340486341703121,800,0.4621158411793037,0.80772215,0.8171838,0.80317754,3.0000000000000004e-05,[512; 1024; 1024]
7,0.8061142,1024,0.43225721598823974,850,0.4575974730574715,0.8076625,0.81789976,0.8051738,3.0000000000000004e-05,[512; 1024; 1024]
7,0.80691886,1024,0.43036199000895203,900,0.4565062278068151,0.8101092,0.8150358,0.80787367,3.0000000000000004e-05,[512; 1024; 1024]
7,0.8082824,1024,0.4240160874967722,950,0.45255626569499835,0.8144059,0.81336516,0.8137761,3.0000000000000004e-05,[512; 1024; 1024]
7,0.8097947,1024,0.41270340592008775,1000,0.44995174563016416,0.82085097,0.8116945,0.82589877,3.0000000000000004e-05,[512; 1024; 1024]
8,0.4807823,1024,1.0945145290336282,0,0.5744865313919176,0.6411649,0.7632458,0.4895766,3.0000000000000004e-05,[512; 1024; 2048]
8,0.6785757,1024,0.5762782081709974,50,0.594608304694046,0.74279404,0.7704057,0.5779654,3.0000000000000004e-05,[512; 1024; 2048]
8,0.7052268,1024,0.5430044276322913,100,0.5855369036692708,0.7521036,0.7754177,0.6352642,3.0000000000000004e-05,[512; 1024; 2048]
8,0.7212565,1024,0.5233053081024374,150,0.5688195796172203,0.7584293,0.78210026,0.6750453,3.0000000000000004e-05,[512; 1024; 2048]
8,0.73321646,1024,0.5127002964506657,200,0.5523386938190687,0.76362115,0.7868735,0.69436514,3.0000000000000004e-05,[512; 1024; 2048]
8,0.74396926,1024,0.49961950597269633,250,0.5352454251207429,0.76875335,0.78973746,0.7178506,3.0000000000000004e-05,[512; 1024; 2048]
8,0.7554373,1024,0.48819372878692424,300,0.526541526021707,0.7741839,0.7930788,0.739929,3.0000000000000004e-05,[512; 1024; 2048]
8,0.7663101,1024,0.48177617097545467,350,0.515169326829455,0.7819419,0.79522675,0.7460658,3.0000000000000004e-05,[512; 1024; 2048]
8,0.77655184,1024,0.4743256712807116,400,0.49983138490406026,0.78295636,0.800716,0.75813276,3.0000000000000004e-05,[512; 1024; 2048]
8,0.78467715,1024,0.4705235947588431,450,0.4907870306746772,0.78540313,0.80429596,0.7636437,3.0000000000000004e-05,[512; 1024; 2048]
8,0.79067034,1024,0.46060584993025794,500,0.4800319827826325,0.78958046,0.8090692,0.7765516,3.0000000000000004e-05,[512; 1024; 2048]
8,0.79518604,1024,0.4613934682495748,550,0.47407574169960115,0.79214656,0.8097852,0.7739536,3.0000000000000004e-05,[512; 1024; 2048]
8,0.7984725,1024,0.45235555256409726,600,0.4691030285665699,0.7990094,0.8097852,0.7857632,3.0000000000000004e-05,[512; 1024; 2048]
8,0.80183053,1024,0.4471478450801269,650,0.46205048279432237,0.7993674,0.81193316,0.7912423,3.0000000000000004e-05,[512; 1024; 2048]
8,0.80609155,1024,0.4448598044996523,700,0.45830348878031985,0.8002029,0.81551313,0.7947797,3.0000000000000004e-05,[512; 1024; 2048]
8,0.8072857,1024,0.4375399260665492,750,0.4535958416848877,0.80473834,0.8138425,0.80215013,3.0000000000000004e-05,[512; 1024; 2048]
8,0.80986965,1024,0.4324243196764844,800,0.44886246646503275,0.8085576,0.8152745,0.80745816,3.0000000000000004e-05,[512; 1024; 2048]
8,0.81182384,1024,0.4289915508730084,850,0.44326094694809015,0.81058663,0.8167064,0.81109023,3.0000000000000004e-05,[512; 1024; 2048]
8,0.8139574,1024,0.4232930101713474,900,0.44005096977252095,0.81488335,0.81646776,0.8160764,3.0000000000000004e-05,[512; 1024; 2048]
8,0.81539696,1024,0.4212858243383271,950,0.4364304392605238,0.81530106,0.8167064,0.81898326,3.0000000000000004e-05,[512; 1024; 2048]
8,0.8159373,1024,0.4170677123170355,1000,0.43414623317684364,0.81637526,0.8171838,0.82279587,3.0000000000000004e-05,[512; 1024; 2048]
9,0.43854126,1024,1.4342465067120365,0,0.8817817784152339,0.61049116,0.7501193,0.49605414,3.0000000000000004e-05,[512; 512; 512; 512]
9,0.59336424,1024,0.6043602717003148,50,0.6396310468846688,0.73611027,0.7501193,0.511638,3.0000000000000004e-05,[512; 512; 512; 512]
9,0.6347222,1024,0.5647132615311202,100,0.6339983351475299,0.75144714,0.7491647,0.5581579,3.0000000000000004e-05,[512; 512; 512; 512]
9,0.6645162,1024,0.5421964445183568,150,0.6161368451425739,0.75586325,0.7522673,0.61632824,3.0000000000000004e-05,[512; 512; 512; 512]
9,0.6864634,1024,0.5289655967879041,200,0.5990807249608643,0.75884706,0.75608593,0.6539237,3.0000000000000004e-05,[512; 512; 512; 512]
9,0.70689255,1024,0.520947093496091,250,0.5874941690155885,0.762726,0.7577566,0.6729165,3.0000000000000004e-05,[512; 512; 512; 512]
9,0.72084033,1024,0.5072153957236416,300,0.5740118660904058,0.76726145,0.76109785,0.7021426,3.0000000000000004e-05,[512; 512; 512; 512]
9,0.7327689,1024,0.4999329387028291,350,0.561882887336121,0.77185655,0.7639618,0.71525186,3.0000000000000004e-05,[512; 512; 512; 512]
9,0.74462134,1024,0.4884974962168081,400,0.5498277873298718,0.7781226,0.7673031,0.7339407,3.0000000000000004e-05,[512; 512; 512; 512]
9,0.7564044,1024,0.4838853956367973,450,0.5388218549384707,0.7797935,0.77207637,0.7402344,3.0000000000000004e-05,[512; 512; 512; 512]
9,0.7653633,1024,0.47389251624028994,500,0.5264972716783283,0.7846273,0.776611,0.75542784,3.0000000000000004e-05,[512; 512; 512; 512]
9,0.7720059,1024,0.46684110001020346,550,0.5175702945144762,0.7882676,0.7840096,0.7665,3.0000000000000004e-05,[512; 512; 512; 512]
9,0.77755016,1024,0.46128037041024833,600,0.5090802617744501,0.78969985,0.78782815,0.772683,3.0000000000000004e-05,[512; 512; 512; 512]
9,0.7817202,1024,0.45772561452806637,650,0.5039507284084767,0.7920869,0.7894988,0.77557003,3.0000000000000004e-05,[512; 512; 512; 512]
9,0.7849075,1024,0.4534464098978649,700,0.49868935288279037,0.79650295,0.79331744,0.78040385,3.0000000000000004e-05,[512; 512; 512; 512]
9,0.7883532,1024,0.45075763220710785,750,0.4933714800347576,0.79853195,0.79236275,0.7839542,3.0000000000000004e-05,[512; 512; 512; 512]
9,0.79040456,1024,0.4456740870957102,800,0.48982286481697973,0.8016948,0.797136,0.78865886,3.0000000000000004e-05,[512; 512; 512; 512]
9,0.7935607,1024,0.44157192749852475,850,0.4818370950250466,0.8041416,0.79570407,0.7948948,3.0000000000000004e-05,[512; 512; 512; 512]
9,0.7953946,1024,0.43883079565346095,900,0.47767356961325413,0.80557376,0.80023867,0.79746985,3.0000000000000004e-05,[512; 512; 512; 512]
9,0.79640263,1024,0.4356295542364979,950,0.4740270635393184,0.8083786,0.800716,0.8004858,3.0000000000000004e-05,[512; 512; 512; 512]
9,0.7993212,1024,0.43054741266384583,1000,0.4689170825168455,0.81219786,0.8004773,0.8054194,3.0000000000000004e-05,[512; 512; 512; 512]
10,0.5890532,1024,1.7181881801064902,0,0.8853719339165881,0.6459987,0.7498807,0.4993355,0.0001,[512; 1024]
10,0.7261343,1024,0.5234653421025106,50,0.5769420344391415,0.758489,0.76968974,0.67779773,0.0001,[512; 1024]
10,0.75906044,1024,0.4856182782908374,100,0.5238322244481426,0.77848065,0.78663486,0.7361608,0.0001,[512; 1024]
10,0.77913505,1024,0.4658677709243488,150,0.48623201107352904,0.7912514,0.7947494,0.76571244,0.0001,[512; 1024]
10,0.7904309,1024,0.4540726620566769,200,0.4687544098332844,0.79865134,0.79976135,0.7797785,0.0001,[512; 1024]
10,0.796539,1024,0.4435114168395872,250,0.45855784054872245,0.802948,0.8047733,0.79185915,0.0001,[512; 1024]
10,0.8000899,1024,0.4357910777782351,300,0.45606456545486085,0.8058722,0.80835325,0.8009068,0.0001,[512; 1024]
10,0.80365264,1024,0.42173600517146204,350,0.45094692903373007,0.8179865,0.8116945,0.8155888,0.0001,[512; 1024]
10,0.80828977,1024,0.41804894286877514,400,0.4455028379731645,0.82138807,0.8162291,0.8183586,0.0001,[512; 1024]
10,0.813896,1024,0.4041741601093477,450,0.4390951679828343,0.8289073,0.82004774,0.8320117,0.0001,[512; 1024]
10,0.81621355,1024,0.3916080749219134,500,0.43474732431136337,0.83212984,0.8243437,0.8436002,0.0001,[512; 1024]
10,0.81567824,1024,0.3825926086196483,550,0.4317686740566836,0.83857495,0.82386637,0.8504711,0.0001,[512; 1024]
10,0.8170702,1024,0.3708341318037755,600,0.4292150309945063,0.84293133,0.8267303,0.86161536,0.0001,[512; 1024]
10,0.818619,1024,0.36184369480331735,650,0.42633893266498046,0.8468103,0.82505965,0.8675079,0.0001,[512; 1024]
10,0.81985694,1024,0.3556570631849344,700,0.42267302933342416,0.85092795,0.8319809,0.87387645,0.0001,[512; 1024]
10,0.8214633,1024,0.34608674530639505,750,0.4213464387703625,0.8545086,0.8331742,0.88153857,0.0001,[512; 1024]
10,0.82132185,1024,0.3348071766602521,800,0.42115530802697154,0.8630423,0.8307876,0.88858217,0.0001,[512; 1024]
10,0.8202466,1024,0.33146954770445886,850,0.42201442049909604,0.85987943,0.8334129,0.8930461,0.0001,[512; 1024]
10,0.8199913,1024,0.32223924172090346,900,0.423282603389608,0.86447453,0.8329356,0.90003157,0.0001,[512; 1024]
10,0.82088447,1024,0.3205893546166778,950,0.42253231143040987,0.86727935,0.8343675,0.8990107,0.0001,[512; 1024]
10,0.8207069,1024,0.31023599274183944,1000,0.42286424272669243,0.8723518,0.8374702,0.9061713,0.0001,[512; 1024]
11,0.60335,1024,1.2601910727742736,0,0.6083129767586337,0.6562034,0.75918853,0.5050104,0.0001,[1024; 1024]
11,0.7448613,1024,0.4990509913112381,50,0.5356244117946215,0.77102107,0.7804296,0.716796,0.0001,[1024; 1024]
11,0.7860046,1024,0.4669473773220768,100,0.4899573653011732,0.7879095,0.7935561,0.7663609,0.0001,[1024; 1024]
11,0.8017389,1024,0.4522786938294723,150,0.47007520275639464,0.7973981,0.80334127,0.7850084,0.0001,[1024; 1024]
11,0.809526,1024,0.43998706525753783,200,0.45270102644308086,0.8061706,0.8112172,0.79804134,0.0001,[1024; 1024]
11,0.8102492,1024,0.42238128479436093,250,0.4444689548954474,0.81488335,0.81861573,0.8172486,0.0001,[1024; 1024]
11,0.8176069,1024,0.4134774883774305,300,0.4358237962734159,0.8209107,0.8207637,0.8255273,0.0001,[1024; 1024]
11,0.824189,1024,0.39609748277493734,350,0.4313359545068126,0.8290267,0.8257757,0.8411227,0.0001,[1024; 1024]
11,0.82286185,1024,0.3754766144366639,400,0.4266132345916548,0.8380975,0.82696897,0.8587962,0.0001,[1024; 1024]
11,0.82747346,1024,0.3671187686274215,450,0.419323169772551,0.8452587,0.826253,0.8661965,0.0001,[1024; 1024]
11,0.8287227,1024,0.3465554716781706,500,0.41871911815072016,0.8523005,0.83245826,0.8819896,0.0001,[1024; 1024]
11,0.8325792,1024,0.329671414331924,550,0.41247769084921315,0.8596407,0.8360382,0.8959615,0.0001,[1024; 1024]
11,0.8307069,1024,0.3152852621697125,600,0.41527291677163153,0.8660858,0.8317422,0.9051791,0.0001,[1024; 1024]
11,0.83075756,1024,0.30223345684857217,650,0.4147497644287874,0.8737244,0.83866346,0.91240937,0.0001,[1024; 1024]
11,0.8330862,1024,0.29093236502549197,700,0.4172373939385562,0.8801695,0.8372315,0.9188366,0.0001,[1024; 1024]
11,0.83455676,1024,0.281272051566582,750,0.4173831121733763,0.88339204,0.83961815,0.92572886,0.0001,[1024; 1024]
11,0.83269614,1024,0.2753689830415024,800,0.4241792873152685,0.88506293,0.8360382,0.9296955,0.0001,[1024; 1024]
11,0.83575314,1024,0.2555811278961749,850,0.42150585416677744,0.89544666,0.8374702,0.9394346,0.0001,[1024; 1024]
11,0.8344465,1024,0.25189418540035347,900,0.42521973131380103,0.89813215,0.8360382,0.9413289,0.0001,[1024; 1024]
11,0.8346841,1024,0.23772516823447376,950,0.4275588145830751,0.90242887,0.83699286,0.94915384,0.0001,[1024; 1024]
11,0.83320755,1024,0.23263839285242932,1000,0.4349719279848021,0.9045772,0.83770883,0.94977534,0.0001,[1024; 1024]
12,0.5839702,1024,1.5399666444323488,0,0.5604561743133107,0.6397923,0.73842484,0.5005958,0.0001,[512; 1024; 1024]
12,0.70950717,1024,0.5300969643311689,50,0.5965049477920896,0.75777286,0.7646778,0.6608602,0.0001,[512; 1024; 1024]
12,0.7521706,1024,0.4993320543228061,100,0.5514320608539627,0.76875335,0.77732694,0.71703273,0.0001,[512; 1024; 1024]
12,0.7836762,1024,0.47181674588186867,150,0.5113203601791637,0.78528374,0.7854415,0.7588475,0.0001,[512; 1024; 1024]
12,0.79698455,1024,0.45681799361933,200,0.4915437117396789,0.79578686,0.798568,0.77818745,0.0001,[512; 1024; 1024]
12,0.80590403,1024,0.4436539749388636,250,0.46754588096409255,0.8012174,0.8066826,0.7937414,0.0001,[512; 1024; 1024]
12,0.81215227,1024,0.4326016199135614,300,0.45571290442368867,0.80998987,0.8152745,0.8052605,0.0001,[512; 1024; 1024]
12,0.812688,1024,0.42608994499143255,350,0.4545666147530221,0.8122576,0.81861573,0.81323874,0.0001,[512; 1024; 1024]
12,0.8177017,1024,0.4095345398044006,400,0.44699145656496925,0.8200752,0.82458234,0.82971483,0.0001,[512; 1024; 1024]
12,0.8214492,1024,0.40269064834431334,450,0.43968575766092266,0.82341707,0.82601434,0.8373425,0.0001,[512; 1024; 1024]
12,0.8223426,1024,0.3901460447889485,500,0.43730197914460395,0.82807183,0.826253,0.8479641,0.0001,[512; 1024; 1024]
12,0.8234306,1024,0.37704984231304495,550,0.43266061124767496,0.8348153,0.83102626,0.86119026,0.0001,[512; 1024; 1024]
12,0.8249541,1024,0.3650937122035768,600,0.4327903074694704,0.84060395,0.8303103,0.86919117,0.0001,[512; 1024; 1024]
12,0.82594717,1024,0.35627609796894544,650,0.4302670428178191,0.84293133,0.83508354,0.8766708,0.0001,[512; 1024; 1024]
12,0.8264341,1024,0.3519533888842074,700,0.4315018586298731,0.84645224,0.8348449,0.8800837,0.0001,[512; 1024; 1024]
12,0.8282596,1024,0.3422839906852086,750,0.4318287860806631,0.84871995,0.83818614,0.88704807,0.0001,[512; 1024; 1024]
12,0.82574946,1024,0.33593847715762876,800,0.4329318810049845,0.85498595,0.8348449,0.89050746,0.0001,[512; 1024; 1024]
12,0.8270011,1024,0.32458135691599393,850,0.4368798285509351,0.8582682,0.8312649,0.9002134,0.0001,[512; 1024; 1024]
12,0.8291798,1024,0.323860835074354,900,0.43869488136865076,0.8604762,0.82696897,0.89928246,0.0001,[512; 1024; 1024]
12,0.8260411,1024,0.31080368803773484,950,0.441243300460688,0.8654294,0.82458234,0.9080747,0.0001,[512; 1024; 1024]
12,0.8257245,1024,0.3061701511329389,1000,0.4418365368979643,0.86853254,0.82792366,0.91159195,0.0001,[512; 1024; 1024]
13,0.5980374,1024,1.128410110555017,0,0.5363533435402736,0.6502954,0.76443917,0.49618986,0.0001,[512; 1024; 2048]
13,0.7233176,1024,0.5274229681441343,50,0.5799735737302139,0.7577132,0.77732694,0.6676423,0.0001,[512; 1024; 2048]
13,0.761452,1024,0.4941575073442489,100,0.5359727390341656,0.7737065,0.78782815,0.7262827,0.0001,[512; 1024; 2048]
13,0.7879777,1024,0.4715310158892179,150,0.5113872431627606,0.7861192,0.7980907,0.7621506,0.0001,[512; 1024; 2048]
13,0.8013194,1024,0.45376141553506466,200,0.4793810843425605,0.79608524,0.8062053,0.7856306,0.0001,[512; 1024; 2048]
13,0.8050726,1024,0.4419222253012886,250,0.4643026566590785,0.80354476,0.8112172,0.79601896,0.0001,[512; 1024; 2048]
13,0.8081649,1024,0.4317140533782961,300,0.4509019985403821,0.80593187,0.8157518,0.80860573,0.0001,[512; 1024; 2048]
13,0.8121289,1024,0.4201626238140989,350,0.4393063020307864,0.8179268,0.8176611,0.81807053,0.0001,[512; 1024; 2048]
13,0.81704086,1024,0.4025631953485898,400,0.428121205517102,0.8246106,0.8221957,0.8344573,0.0001,[512; 1024; 2048]
13,0.8228431,1024,0.39183883809948006,450,0.4225826050899478,0.8313541,0.8243437,0.8453734,0.0001,[512; 1024; 2048]
13,0.8246781,1024,0.38487699879889714,500,0.4174383543698486,0.8346363,0.8272076,0.85085595,0.0001,[512; 1024; 2048]
13,0.8248334,1024,0.36891087511562254,550,0.41497580786024474,0.8404249,0.8281623,0.8640995,0.0001,[512; 1024; 2048]
13,0.826724,1024,0.3633075038647747,600,0.41336243993342636,0.8426926,0.82649165,0.8694384,0.0001,[512; 1024; 2048]
13,0.8228524,1024,0.3578457051699476,650,0.4135314725037122,0.84537804,0.82911694,0.8752723,0.0001,[512; 1024; 2048]
13,0.82665133,1024,0.34488759003946434,700,0.4101301713462092,0.8520618,0.82840097,0.88418204,0.0001,[512; 1024; 2048]
13,0.8243355,1024,0.3356041067442775,750,0.4118202640361604,0.8574924,0.8293556,0.8892975,0.0001,[512; 1024; 2048]
13,0.82573324,1024,0.3233512319424787,800,0.4099465965228889,0.8613117,0.8326969,0.8992282,0.0001,[512; 1024; 2048]
13,0.82582444,1024,0.3255621766929532,850,0.4099753309974807,0.86196816,0.8334129,0.8965152,0.0001,[512; 1024; 2048]
13,0.8261167,1024,0.31279985899500384,900,0.4097166546631542,0.8656084,0.8357995,0.90622056,0.0001,[512; 1024; 2048]
13,0.8253943,1024,0.3088668603853557,950,0.41178998907312286,0.86972606,0.83412886,0.90934634,0.0001,[512; 1024; 2048]
13,0.82575786,1024,0.29891912118663094,1000,0.41249788299665247,0.87270993,0.8343675,0.91524786,0.0001,[512; 1024; 2048]
14,0.46160877,1024,1.750254368927169,0,0.6463386811049286,0.6462971,0.7608592,0.49425158,0.0001,[512; 512; 512; 512]
14,0.685251,1024,0.5563196453514891,50,0.6095507826042631,0.75073105,0.76252985,0.59058976,0.0001,[512; 512; 512; 512]
14,0.7284783,1024,0.5210458601282997,100,0.5790944317929215,0.7611148,0.77422434,0.6786513,0.0001,[512; 512; 512; 512]
14,0.7638076,1024,0.4954694634801542,150,0.5470905909390325,0.77239364,0.78926015,0.7272003,0.0001,[512; 512; 512; 512]
14,0.7898877,1024,0.47606891304914356,200,0.5124654333176077,0.78045,0.802148,0.75786203,0.0001,[512; 512; 512; 512]
14,0.8002256,1024,0.4610137413230582,250,0.48786386537381177,0.7942352,0.8064439,0.7725772,0.0001,[512; 512; 512; 512]
14,0.80561364,1024,0.4516282864766423,300,0.4713627650373591,0.79781586,0.8126492,0.78499436,0.0001,[512; 512; 512; 512]
14,0.81065124,1024,0.4403542296861687,350,0.4562906323867652,0.8071254,0.8121718,0.79766315,0.0001,[512; 512; 512; 512]
14,0.8125827,1024,0.42778894786313404,400,0.44295116894854,0.81339145,0.81336516,0.81234837,0.0001,[512; 512; 512; 512]
14,0.8133037,1024,0.4157947318689233,450,0.4334742050609042,0.8185236,0.81599045,0.8224018,0.0001,[512; 512; 512; 512]
14,0.8191799,1024,0.41116180854124834,500,0.4271679627440141,0.81816554,0.81599045,0.8268787,0.0001,[512; 512; 512; 512]
14,0.82280904,1024,0.40270806427409445,550,0.42235971775999503,0.8246703,0.81145585,0.8363264,0.0001,[512; 512; 512; 512]
14,0.82515323,1024,0.39178628078179717,600,0.41636294751007974,0.83159274,0.81742245,0.84451777,0.0001,[512; 512; 512; 512]
14,0.82537353,1024,0.38409231595231275,650,0.41318335160435243,0.8363072,0.82195705,0.85020465,0.0001,[512; 512; 512; 512]
14,0.82978785,1024,0.3801995102002014,700,0.40949705332731007,0.8379782,0.8198091,0.8562541,0.0001,[512; 512; 512; 512]
14,0.8307099,1024,0.37465494949749223,750,0.40617774642452703,0.8396491,0.8267303,0.85955656,0.0001,[512; 512; 512; 512]
14,0.8321373,1024,0.36487029388190356,800,0.4044585988458984,0.84710866,0.8281623,0.8655953,0.0001,[512; 512; 512; 512]
14,0.82924145,1024,0.35869111446255236,850,0.40541650438081106,0.8467506,0.8272076,0.8720845,0.0001,[512; 512; 512; 512]
14,0.831369,1024,0.3560131858522314,900,0.40351755335962575,0.8459748,0.82792366,0.87582314,0.0001,[512; 512; 512; 512]
14,0.8307485,1024,0.3487150833840344,950,0.4032145715556452,0.853136,0.83054894,0.88018245,0.0001,[512; 512; 512; 512]
14,0.8316679,1024,0.3434856175085152,1000,0.4026622360105446,0.8563585,0.83150357,0.8837351,0.0001,[512; 512; 512; 512]
15,0.6680033,1024,1.2190705613275554,0,0.556142794772947,0.65423405,0.7649165,0.5105496,0.00030000000000000003,[512; 1024]
15,0.7814078,1024,0.47580235091180273,50,0.49819528962661086,0.7815241,0.8026253,0.7565553,0.00030000000000000003,[512; 1024]
15,0.8031086,1024,0.4433919231092161,100,0.4469810288817331,0.8019932,0.81145585,0.7956471,0.00030000000000000003,[512; 1024]
15,0.8084557,1024,0.4190984650945695,150,0.4396383945725698,0.816972,0.821241,0.8204574,0.00030000000000000003,[512; 1024]
15,0.81233895,1024,0.3948291693274713,200,0.43020870381152715,0.82628155,0.8274463,0.8437895,0.00030000000000000003,[512; 1024]
15,0.8140719,1024,0.36886695118410573,250,0.4221924628875705,0.8422152,0.83150357,0.8648202,0.00030000000000000003,[512; 1024]
15,0.81527746,1024,0.3416585976432102,300,0.42107631869987544,0.85426986,0.8274463,0.8873824,0.00030000000000000003,[512; 1024]
15,0.8150783,1024,0.3226174508845201,350,0.4238793620488524,0.86292297,0.83150357,0.9007136,0.00030000000000000003,[512; 1024]
15,0.81513774,1024,0.3096930782593057,400,0.42295252356438195,0.86799544,0.8312649,0.90839326,0.00030000000000000003,[512; 1024]
15,0.81513816,1024,0.2964184738634708,450,0.4265640804904173,0.8758728,0.8353222,0.9162454,0.00030000000000000003,[512; 1024]
15,0.8180329,1024,0.2816260647516216,500,0.4270995075634385,0.88273555,0.8357995,0.9251828,0.00030000000000000003,[512; 1024]
15,0.81635416,1024,0.2699361831623835,550,0.43309305526476205,0.88882256,0.8360382,0.9316805,0.00030000000000000003,[512; 1024]
15,0.8137623,1024,0.2610786512023674,600,0.4384944576778958,0.8909113,0.83508354,0.9375517,0.00030000000000000003,[512; 1024]
15,0.81570834,1024,0.24899586425598305,650,0.43652574094212426,0.8971176,0.83556086,0.9424789,0.00030000000000000003,[512; 1024]
15,0.8168403,1024,0.2414148478727249,700,0.43950521806543935,0.90195143,0.8348449,0.9465384,0.00030000000000000003,[512; 1024]
15,0.8163973,1024,0.23632681108519862,750,0.4438809814629521,0.905532,0.8372315,0.9482715,0.00030000000000000003,[512; 1024]
15,0.81482077,1024,0.23076526425388041,800,0.44821715868458256,0.90720296,0.8374702,0.95034266,0.00030000000000000003,[512; 1024]
15,0.8160408,1024,0.22347119047561081,850,0.448258154033761,0.9101271,0.8372315,0.95479053,0.00030000000000000003,[512; 1024]
15,0.814819,1024,0.21970736880486538,900,0.4521331171147294,0.90959,0.83556086,0.95550597,0.00030000000000000003,[512; 1024]
15,0.81591624,1024,0.21424633091849288,950,0.4499765955747454,0.9107835,0.8379475,0.9582572,0.00030000000000000003,[512; 1024]
15,0.8127817,1024,0.20533933011431352,1000,0.4595041047701688,0.91412544,0.83866346,0.9619762,0.00030000000000000003,[512; 1024]
16,0.5838032,1024,1.4806068785087998,0,0.7464471517428578,0.6523841,0.7601432,0.5127084,0.00030000000000000003,[1024; 1024]
16,0.77553314,1024,0.4615679344008616,50,0.4915658133126671,0.7892821,0.7949881,0.7737203,0.00030000000000000003,[1024; 1024]
16,0.79398483,1024,0.42961334839117316,100,0.4492079666377821,0.8095721,0.8093079,0.81067145,0.00030000000000000003,[1024; 1024]
16,0.8041717,1024,0.4023392298483099,150,0.4428716464657203,0.8261025,0.81455845,0.8374693,0.00030000000000000003,[1024; 1024]
16,0.8078011,1024,0.3682892176863359,200,0.4312302455412744,0.84024584,0.8207637,0.865701,0.00030000000000000003,[1024; 1024]
16,0.81102204,1024,0.33418529407643843,250,0.4340512375985239,0.8585666,0.82386637,0.8922643,0.00030000000000000003,[1024; 1024]
16,0.81161314,1024,0.2943520909271427,300,0.43191192171454146,0.8779018,0.83245826,0.9188464,0.00030000000000000003,[1024; 1024]
16,0.8118322,1024,0.26863308927534363,350,0.4398739978066492,0.8873903,0.8331742,0.9330354,0.00030000000000000003,[1024; 1024]
16,0.81577826,1024,0.24988599199379957,400,0.45048427002811203,0.89681923,0.8357995,0.9422856,0.00030000000000000003,[1024; 1024]
16,0.8142454,1024,0.2271956036588404,450,0.46159703684592873,0.9037417,0.8343675,0.9532142,0.00030000000000000003,[1024; 1024]
16,0.81388825,1024,0.21195767521093462,500,0.47937008821025384,0.91382706,0.8307876,0.9590564,0.00030000000000000003,[1024; 1024]
16,0.81168115,1024,0.19863319613860717,550,0.4918297033036808,0.9187802,0.83412886,0.96432674,0.00030000000000000003,[1024; 1024]
16,0.8165676,1024,0.18378411049528254,600,0.49478200204617084,0.9243898,0.83460623,0.96957636,0.00030000000000000003,[1024; 1024]
16,0.8171902,1024,0.17548253028800567,650,0.5021074927934315,0.9279704,0.83818614,0.9721962,0.00030000000000000003,[1024; 1024]
16,0.81634855,1024,0.16776838483023332,700,0.5197912970989018,0.9320881,0.83556086,0.9745387,0.00030000000000000003,[1024; 1024]
16,0.81632435,1024,0.15857307445805902,750,0.5260342279026787,0.93590736,0.83365154,0.977362,0.00030000000000000003,[1024; 1024]
16,0.81616014,1024,0.154894002792573,800,0.530566759325724,0.9386525,0.8343675,0.97879875,0.00030000000000000003,[1024; 1024]
16,0.8181398,1024,0.1526736870684615,850,0.539799629503901,0.9375783,0.8365155,0.97898424,0.00030000000000000003,[1024; 1024]
16,0.8181614,1024,0.14030911094189658,900,0.5437688150809886,0.9431282,0.8343675,0.98217976,0.00030000000000000003,[1024; 1024]
16,0.81691825,1024,0.13883217419218943,950,0.557901200872617,0.94485885,0.83102626,0.982375,0.00030000000000000003,[1024; 1024]
16,0.81514853,1024,0.13546386149747422,1000,0.5668015010317072,0.9440234,0.8331742,0.98307216,0.00030000000000000003,[1024; 1024]
17,0.52723855,1024,1.2889632620759957,0,0.5932183775810752,0.65530825,0.7618138,0.51407486,0.00030000000000000003,[512; 1024; 1024]
17,0.766444,1024,0.486941961116834,50,0.5259073577234454,0.7773468,0.7844869,0.7402792,0.00030000000000000003,[512; 1024; 1024]
17,0.8002829,1024,0.44274909100093174,100,0.4712861339203782,0.80539477,0.8062053,0.7946245,0.00030000000000000003,[512; 1024; 1024]
17,0.81080216,1024,0.42353398442986884,150,0.4500348609216458,0.8136898,0.81933177,0.8154342,0.00030000000000000003,[512; 1024; 1024]
17,0.81690705,1024,0.3994711631343339,200,0.43771652913605685,0.82502836,0.8221957,0.8393595,0.00030000000000000003,[512; 1024; 1024]
17,0.8231457,1024,0.36718407768071204,250,0.4274893952440248,0.8390523,0.82553697,0.8664461,0.00030000000000000003,[512; 1024; 1024]
17,0.8253276,1024,0.3479573078230784,300,0.421883349572275,0.8497941,0.82386637,0.8814912,0.00030000000000000003,[512; 1024; 1024]
17,0.8293613,1024,0.3235828707697938,350,0.41956744532596524,0.8585666,0.8329356,0.90022606,0.00030000000000000003,[512; 1024; 1024]
17,0.82371706,1024,0.3117511600990487,400,0.4206141603305971,0.86704063,0.8362768,0.9077607,0.00030000000000000003,[512; 1024; 1024]
17,0.82557964,1024,0.2929182160851807,450,0.42203748328589025,0.8762905,0.8343675,0.91863716,0.00030000000000000003,[512; 1024; 1024]
17,0.82472205,1024,0.28463105623944174,500,0.4221095331528875,0.87730503,0.83770883,0.924437,0.00030000000000000003,[512; 1024; 1024]
17,0.82295233,1024,0.26504978835458237,550,0.42694889045273776,0.88607746,0.83866346,0.93518615,0.00030000000000000003,[512; 1024; 1024]
17,0.8221066,1024,0.26327613005883127,600,0.42723381243343855,0.8882855,0.83699286,0.93639916,0.00030000000000000003,[512; 1024; 1024]
17,0.82485443,1024,0.24994086694225118,650,0.43193817868437573,0.89544666,0.83818614,0.9420316,0.00030000000000000003,[512; 1024; 1024]
17,0.82215184,1024,0.2517035847995847,700,0.43291602760624487,0.89377576,0.83556086,0.94178486,0.00030000000000000003,[512; 1024; 1024]
17,0.82214427,1024,0.23713177657393444,750,0.44382959131978295,0.9006385,0.8334129,0.9490331,0.00030000000000000003,[512; 1024; 1024]
17,0.82128286,1024,0.2299670093021622,800,0.4510966567264821,0.9024885,0.8374702,0.9515385,0.00030000000000000003,[512; 1024; 1024]
17,0.8197195,1024,0.22671392134676943,850,0.45238871609965486,0.9054127,0.8326969,0.95232576,0.00030000000000000003,[512; 1024; 1024]
17,0.8206361,1024,0.22049909001223517,900,0.45348531932421116,0.90845615,0.8362768,0.95597476,0.00030000000000000003,[512; 1024; 1024]
17,0.8210315,1024,0.21517572603053123,950,0.45822860971270996,0.91221577,0.8367542,0.95717496,0.00030000000000000003,[512; 1024; 1024]
17,0.8198283,1024,0.20940704942603253,1000,0.46678537963967337,0.91466254,0.8343675,0.9606034,0.00030000000000000003,[512; 1024; 1024]
18,0.45279172,1024,1.730149521889305,0,0.8064829756081247,0.6390165,0.75990456,0.50756824,0.00030000000000000003,[512; 1024; 2048]
18,0.7793843,1024,0.48033982898423955,50,0.5206689923361548,0.78122574,0.7890215,0.75041044,0.00030000000000000003,[512; 1024; 2048]
18,0.8014003,1024,0.44092927078589794,100,0.4707067378665496,0.8065883,0.81145585,0.7969864,0.00030000000000000003,[512; 1024; 2048]
18,0.80886745,1024,0.41322902048083016,150,0.4446651805699014,0.81923974,0.8116945,0.8269131,0.00030000000000000003,[512; 1024; 2048]
18,0.81777626,1024,0.3888747301122742,200,0.4254968684442288,0.83362174,0.81646776,0.8473072,0.00030000000000000003,[512; 1024; 2048]
18,0.8158495,1024,0.36337501030267905,250,0.42313233510122095,0.8434087,0.82243437,0.8696778,0.00030000000000000003,[512; 1024; 2048]
18,0.82169455,1024,0.3405336715081373,300,0.41900591459080827,0.85659724,0.8281623,0.8872691,0.00030000000000000003,[512; 1024; 2048]
18,0.8220232,1024,0.31557547665868785,350,0.41514060437537037,0.86632454,0.83102626,0.90367913,0.00030000000000000003,[512; 1024; 2048]
18,0.8230082,1024,0.29473485208115413,400,0.4170889936796521,0.8783195,0.83770883,0.9168011,0.00030000000000000003,[512; 1024; 2048]
18,0.8227351,1024,0.28921180546458014,450,0.4158724813586488,0.8785582,0.83365154,0.9206719,0.00030000000000000003,[512; 1024; 2048]
18,0.82536507,1024,0.2761244732069999,500,0.4187353736176411,0.8838694,0.8357995,0.9283721,0.00030000000000000003,[512; 1024; 2048]
18,0.82619584,1024,0.25693571605773147,550,0.4213561062596578,0.89490956,0.8348449,0.93912846,0.00030000000000000003,[512; 1024; 2048]
18,0.8269506,1024,0.250007555343132,600,0.42296723087533844,0.8950886,0.83914083,0.9421987,0.00030000000000000003,[512; 1024; 2048]
18,0.82061845,1024,0.24522952313919572,650,0.4310601227607818,0.8982515,0.83961815,0.9442393,0.00030000000000000003,[512; 1024; 2048]
18,0.8251404,1024,0.24105688326646343,700,0.43251604240094277,0.9007579,0.8384248,0.94559854,0.00030000000000000003,[512; 1024; 2048]
18,0.8262837,1024,0.22291682915527639,750,0.4361814408142982,0.90791905,0.8417661,0.95426846,0.00030000000000000003,[512; 1024; 2048]
18,0.82667345,1024,0.22311860821287935,800,0.43579764895336726,0.9100078,0.8379475,0.95408136,0.00030000000000000003,[512; 1024; 2048]
18,0.8282643,1024,0.20999381533864647,850,0.443514974618015,0.9139464,0.8420048,0.9598348,0.00030000000000000003,[512; 1024; 2048]
18,0.82247525,1024,0.21245699254796466,900,0.4455601039962723,0.9134093,0.83818614,0.9589143,0.00030000000000000003,[512; 1024; 2048]
18,0.824687,1024,0.20564386536705542,950,0.45389922715030023,0.9160351,0.83914083,0.9610778,0.00030000000000000003,[512; 1024; 2048]
18,0.8249753,1024,0.20455151833066965,1000,0.4528300043222159,0.9150206,0.8384248,0.9616853,0.00030000000000000003,[512; 1024; 2048]
19,0.5649953,1024,1.1535634402301949,0,0.6950390367633118,0.6489825,0.51933175,0.50183773,0.00030000000000000003,[512; 512; 512; 512]
19,0.7729363,1024,0.4935782706032521,50,0.5401553147732501,0.7750194,0.77875894,0.725321,0.00030000000000000003,[512; 512; 512; 512]
19,0.8099757,1024,0.45597558533895655,100,0.48040198794697236,0.79501104,0.802148,0.77811885,0.00030000000000000003,[512; 512; 512; 512]
19,0.8125008,1024,0.42909514823456174,150,0.45191695846635005,0.8106463,0.81408113,0.8074854,0.00030000000000000003,[512; 512; 512; 512]
19,0.8188727,1024,0.4077880988383824,200,0.42929146490404313,0.8195978,0.81694514,0.82790214,0.00030000000000000003,[512; 512; 512; 512]
19,0.81469625,1024,0.39190137235505235,250,0.4291403901463192,0.83159274,0.8202864,0.84572303,0.00030000000000000003,[512; 512; 512; 512]
19,0.817064,1024,0.3699835843183249,300,0.4238418793621382,0.8417378,0.82840097,0.86195755,0.00030000000000000003,[512; 512; 512; 512]
19,0.819547,1024,0.36006578027814345,350,0.42338151029869026,0.847049,0.83102626,0.87003255,0.00030000000000000003,[512; 512; 512; 512]
19,0.8189698,1024,0.33765019039880934,400,0.42735977882701626,0.8574924,0.82100236,0.8872788,0.00030000000000000003,[512; 512; 512; 512]
19,0.8205795,1024,0.3201048214324457,450,0.4260052313952571,0.8641165,0.8286396,0.90036863,0.00030000000000000003,[512; 512; 512; 512]
19,0.81818986,1024,0.3136360064542841,500,0.4320690853499001,0.8685922,0.8281623,0.904048,0.00030000000000000003,[512; 512; 512; 512]
19,0.8188101,1024,0.31011542222049815,550,0.4331745358810789,0.86954707,0.82911694,0.90613705,0.00030000000000000003,[512; 512; 512; 512]
19,0.82297695,1024,0.29845432864493515,600,0.4313506898276846,0.87420183,0.8274463,0.9142199,0.00030000000000000003,[512; 512; 512; 512]
19,0.8200046,1024,0.28879559379407355,650,0.4374601495294412,0.87664855,0.82768494,0.92031324,0.00030000000000000003,[512; 512; 512; 512]
19,0.8200377,1024,0.28196004550454296,700,0.4449421795569627,0.87975174,0.82911694,0.92502666,0.00030000000000000003,[512; 512; 512; 512]
19,0.82291925,1024,0.27688214517389526,750,0.43910576877559854,0.8846452,0.83460623,0.92784977,0.00030000000000000003,[512; 512; 512; 512]
19,0.8196826,1024,0.2625872299538426,800,0.453015376801707,0.89097095,0.8307876,0.93517166,0.00030000000000000003,[512; 512; 512; 512]
19,0.8195156,1024,0.26149675094968217,850,0.45432018028807813,0.8897774,0.83102626,0.93560916,0.00030000000000000003,[512; 512; 512; 512]
19,0.81964564,1024,0.25827909549327527,900,0.4585277893235974,0.89341766,0.8288783,0.93647546,0.00030000000000000003,[512; 512; 512; 512]
19,0.8178006,1024,0.2563868722433605,950,0.45764663959175417,0.89270157,0.8348449,0.9373174,0.00030000000000000003,[512; 512; 512; 512]
19,0.82099235,1024,0.24623064627249444,1000,0.4607364034738063,0.8999821,0.8319809,0.94287246,0.00030000000000000003,[512; 512; 512; 512]
20,0.6158353,1024,1.682683287439735,0,0.9246112659609118,0.6640807,0.60405725,0.5157613,0.001,[512; 1024]
20,0.79533803,1024,0.4434421277365622,50,0.473122809937575,0.8009787,0.8090692,0.7956812,0.001,[512; 1024]
20,0.81849587,1024,0.4016766647628236,100,0.43813987136740673,0.82520735,0.8267303,0.8362896,0.001,[512; 1024]
20,0.8202319,1024,0.3606062594394578,150,0.43548458810353335,0.84561676,0.8281623,0.87149704,0.001,[512; 1024]
20,0.8281969,1024,0.3296467613286773,200,0.4190501576960798,0.86363906,0.8334129,0.8950355,0.001,[512; 1024]
20,0.8277121,1024,0.30192779894801935,250,0.4193952891308823,0.8731873,0.8353222,0.91275865,0.001,[512; 1024]
20,0.8359004,1024,0.28197400130235034,300,0.41108372409190086,0.8819598,0.82959425,0.9244713,0.001,[512; 1024]
20,0.83383787,1024,0.269961515595266,350,0.4142820673370134,0.8900758,0.83508354,0.93142474,0.001,[512; 1024]
20,0.8334272,1024,0.2566750761346714,400,0.4140072618577816,0.8944322,0.84463006,0.93919075,0.001,[512; 1024]
20,0.8314399,1024,0.25310175257330403,450,0.42161827847041494,0.89628214,0.8348449,0.9408701,0.001,[512; 1024]
20,0.82867295,1024,0.2379881268803015,500,0.42488898755826926,0.8989079,0.8357995,0.9483779,0.001,[512; 1024]
20,0.8326738,1024,0.23011371165028463,550,0.4290158474075481,0.90547234,0.84319806,0.9510686,0.001,[512; 1024]
20,0.82995665,1024,0.22081474817303545,600,0.4337719454827912,0.9076804,0.8417661,0.95521444,0.001,[512; 1024]
20,0.8327933,1024,0.21759252938385076,650,0.43064342320392124,0.9100078,0.83961815,0.9557226,0.001,[512; 1024]
20,0.8312657,1024,0.20805786954475886,700,0.43485554792431486,0.915498,0.83866346,0.95967776,0.001,[512; 1024]
20,0.8287016,1024,0.20546413901605293,750,0.4350317519006979,0.9163335,0.8417661,0.96117145,0.001,[512; 1024]
20,0.82865,1024,0.19862233963026638,800,0.43980392954514536,0.91997373,0.84272075,0.9641128,0.001,[512; 1024]
20,0.8273979,1024,0.19975810638278368,850,0.4457268131803499,0.9170496,0.84009546,0.96420765,0.001,[512; 1024]
20,0.8321805,1024,0.19563489561007802,900,0.43943907065152554,0.9190786,0.8424821,0.9652885,0.001,[512; 1024]
20,0.83406204,1024,0.19102804296169074,950,0.4433618838007524,0.9241511,0.8424821,0.96596706,0.001,[512; 1024]
20,0.83502,1024,0.18865154130654324,1000,0.4386002760229361,0.92653817,0.8443914,0.9666508,0.001,[512; 1024]
21,0.5,1024,3.551635317780518,0,3.6740091113315847,0.70066243,0.7618138,0.4952905,0.001,[1024; 1024]
21,0.80936086,1024,0.46120613928113513,50,0.4455713114192207,0.7931611,0.81193316,0.7745811,0.001,[1024; 1024]
21,0.8254359,1024,0.4092557841136375,100,0.4142909758273059,0.81894135,0.8190931,0.8283834,0.001,[1024; 1024]
21,0.834318,1024,0.35472972007848386,150,0.40872003925444117,0.8417378,0.8312649,0.8772104,0.001,[1024; 1024]
21,0.82947093,1024,0.3098835735444259,200,0.4204242494908608,0.8638778,0.8403341,0.9093768,0.001,[1024; 1024]
21,0.83810735,1024,0.2689330946746786,250,0.42483307938302617,0.8824969,0.8417661,0.93161166,0.001,[1024; 1024]
21,0.8389928,1024,0.24692600173356033,300,0.436285622478385,0.89735633,0.8420048,0.94318485,0.001,[1024; 1024]
21,0.83579695,1024,0.22669587397216834,350,0.4518719400597074,0.9056514,0.84081143,0.9520984,0.001,[1024; 1024]
21,0.8358073,1024,0.21500054679683395,400,0.4658739276319244,0.9110819,0.8439141,0.95723,0.001,[1024; 1024]
21,0.83441716,1024,0.19378419979244513,450,0.4759151956631062,0.91925764,0.8439141,0.9662945,0.001,[1024; 1024]
21,0.832712,1024,0.18855051660108035,500,0.4846145565583769,0.9213463,0.84081143,0.96768314,0.001,[1024; 1024]
21,0.8360013,1024,0.17857216750408061,550,0.4891273155417249,0.9247479,0.8443914,0.97095937,0.001,[1024; 1024]
21,0.84018916,1024,0.1717410592688306,600,0.4989719368961944,0.927672,0.8420048,0.9732137,0.001,[1024; 1024]
21,0.8343514,1024,0.1619378015974324,650,0.5059813019199417,0.93363965,0.8443914,0.97600317,0.001,[1024; 1024]
21,0.8351746,1024,0.1626010680850312,700,0.5073503220849503,0.93417674,0.84606206,0.9756552,0.001,[1024; 1024]
21,0.8311509,1024,0.15729768197018001,750,0.529588721006184,0.9353106,0.83699286,0.9779398,0.001,[1024; 1024]
21,0.83065665,1024,0.15376000072809964,800,0.5272479478669906,0.9379961,0.84272075,0.9783176,0.001,[1024; 1024]
21,0.83592606,1024,0.14112591889928702,850,0.5348991046088407,0.94199437,0.8417661,0.98164254,0.001,[1024; 1024]
21,0.83324766,1024,0.14735596959798783,900,0.5384516720271053,0.9387122,0.8398568,0.9803013,0.001,[1024; 1024]
21,0.83335364,1024,0.14050008048623944,950,0.547212340752094,0.9412186,0.84152746,0.98215574,0.001,[1024; 1024]
21,0.8338435,1024,0.1394441114429458,1000,0.5439606014043449,0.94432175,0.84272075,0.9819358,0.001,[1024; 1024]
22,0.50071824,1024,3.4248733024235207,0,3.593061694097405,0.736349,0.7618138,0.49846643,0.001,[512; 1024; 1024]
22,0.79566324,1024,0.4415125448994586,50,0.4578468185762801,0.8010384,0.81145585,0.79988605,0.001,[512; 1024; 1024]
22,0.8087117,1024,0.38671801595263305,100,0.44718999319258623,0.82801217,0.81861573,0.85284466,0.001,[512; 1024; 1024]
22,0.8114895,1024,0.34920428613173105,150,0.44851031067263253,0.8454377,0.8162291,0.88438743,0.001,[512; 1024; 1024]
22,0.8134415,1024,0.31947392190229057,200,0.45090462016319605,0.8572537,0.81336516,0.90355176,0.001,[512; 1024; 1024]
22,0.8138564,1024,0.29660913842798753,250,0.46211247378715753,0.87056154,0.81097853,0.918514,0.001,[512; 1024; 1024]
22,0.81383806,1024,0.280800108829361,300,0.4706022296287564,0.8793937,0.8059666,0.92797786,0.001,[512; 1024; 1024]
22,0.82082015,1024,0.26348685664081156,350,0.47828015500150606,0.8892403,0.8097852,0.9361755,0.001,[512; 1024; 1024]
22,0.8159358,1024,0.2536200970036037,400,0.4793500554021048,0.893358,0.81097853,0.94132453,0.001,[512; 1024; 1024]
22,0.81553376,1024,0.2521471971133632,450,0.4727633423623151,0.8944322,0.8071599,0.9421496,0.001,[512; 1024; 1024]
22,0.81426513,1024,0.24187390950625742,500,0.4869230635410846,0.9012353,0.80023867,0.9473341,0.001,[512; 1024; 1024]
22,0.81828445,1024,0.23906302637762789,550,0.4806173392440368,0.90189177,0.81002384,0.94891196,0.001,[512; 1024; 1024]
22,0.8163997,1024,0.232439863640532,600,0.49083900243968553,0.90439814,0.8016707,0.95143956,0.001,[512; 1024; 1024]
22,0.8108897,1024,0.22746207508913066,650,0.5036902943488237,0.90344334,0.80835325,0.9535958,0.001,[512; 1024; 1024]
22,0.81592923,1024,0.22100417949105886,700,0.5036537406410408,0.9077997,0.8121718,0.95667434,0.001,[512; 1024; 1024]
22,0.8195138,1024,0.21540691368355205,750,0.5175082406309168,0.90881425,0.8026253,0.95890814,0.001,[512; 1024; 1024]
22,0.814759,1024,0.21326666472101435,800,0.517755275495297,0.90953034,0.80883056,0.95955193,0.001,[512; 1024; 1024]
22,0.81606096,1024,0.20586827833345742,850,0.5219711065719121,0.9135287,0.8045346,0.9623001,0.001,[512; 1024; 1024]
22,0.816428,1024,0.20130158438651682,900,0.5078253298215479,0.9184818,0.81551313,0.96466607,0.001,[512; 1024; 1024]
22,0.8190828,1024,0.20249652908256274,950,0.5114598597006468,0.91490126,0.81789976,0.9643329,0.001,[512; 1024; 1024]
22,0.81662333,1024,0.20527698008909695,1000,0.5068052706399795,0.9159157,0.8107399,0.9630478,0.001,[512; 1024; 1024]
23,0.59030217,1024,2.143333191197805,0,0.7377595308003392,0.64963895,0.4548926,0.49744204,0.001,[512; 1024; 2048]
23,0.80126786,1024,0.448100223432131,50,0.4661616556684271,0.8037238,0.8019093,0.7867844,0.001,[512; 1024; 2048]
23,0.8153515,1024,0.40476803711272086,100,0.4365322143479577,0.82097036,0.8221957,0.8322266,0.001,[512; 1024; 2048]
23,0.82053775,1024,0.3654724546681656,150,0.42486374452176695,0.8431103,0.8274463,0.8662007,0.001,[512; 1024; 2048]
23,0.82300687,1024,0.3363241166909697,200,0.4270905542487461,0.8572537,0.8293556,0.8894487,0.001,[512; 1024; 2048]
23,0.82606375,1024,0.31069423033946836,250,0.424676806602387,0.8644149,0.8353222,0.9082998,0.001,[512; 1024; 2048]
23,0.8238029,1024,0.2929533656684099,300,0.4284394460532432,0.87784207,0.8303103,0.9184766,0.001,[512; 1024; 2048]
23,0.827546,1024,0.27538990160229027,350,0.42785473032043203,0.88476455,0.83221954,0.92951286,0.001,[512; 1024; 2048]
23,0.8278882,1024,0.26733876480836816,400,0.43130494219591053,0.8890016,0.8300716,0.9334592,0.001,[512; 1024; 2048]
23,0.8283335,1024,0.2555101703263954,450,0.43698010150174255,0.8959241,0.83365154,0.9392679,0.001,[512; 1024; 2048]
23,0.8283566,1024,0.24643347539999622,500,0.435481413508941,0.8992063,0.8357995,0.9423827,0.001,[512; 1024; 2048]
23,0.8253084,1024,0.2339740612558514,550,0.4418847407532194,0.90016115,0.83460623,0.9496192,0.001,[512; 1024; 2048]
23,0.82788295,1024,0.22728708778580425,600,0.4496218748621838,0.9058304,0.8338902,0.953232,0.001,[512; 1024; 2048]
23,0.8286319,1024,0.22718293722897914,650,0.4428985447900676,0.9058304,0.83412886,0.95327246,0.001,[512; 1024; 2048]
23,0.8263273,1024,0.2207448691825078,700,0.4492954423433272,0.9085159,0.8338902,0.9543431,0.001,[512; 1024; 2048]
23,0.8284318,1024,0.2151205550169841,750,0.4578584388787536,0.9109626,0.83365154,0.9574042,0.001,[512; 1024; 2048]
23,0.82631385,1024,0.211610755838528,800,0.45088614148570133,0.913469,0.8326969,0.9603605,0.001,[512; 1024; 2048]
23,0.82520366,1024,0.20493177040195795,850,0.4602610884674409,0.91776574,0.8403341,0.96208113,0.001,[512; 1024; 2048]
23,0.8281141,1024,0.20855058402582463,900,0.44690555238780655,0.91508025,0.8393795,0.96076244,0.001,[512; 1024; 2048]
23,0.83170146,1024,0.203231035316731,950,0.45603360658898273,0.91764635,0.83961815,0.96330005,0.001,[512; 1024; 2048]
23,0.83339405,1024,0.19474809241585112,1000,0.4558244078995789,0.9211076,0.8405728,0.9654797,0.001,[512; 1024; 2048]
24,0.42143747,1024,1.039568066159474,0,0.6228156790528491,0.6506535,0.7613365,0.491833,0.001,[512; 512; 512; 512]
24,0.8170422,1024,0.45812488909075594,50,0.45850583343346535,0.7976368,0.799284,0.778581,0.001,[512; 512; 512; 512]
24,0.82486093,1024,0.41812949507989283,100,0.41591599341793106,0.8176881,0.8143198,0.8190193,0.001,[512; 512; 512; 512]
24,0.8322329,1024,0.3788926829466951,150,0.40121737062788804,0.8386346,0.82696897,0.85547876,0.001,[512; 512; 512; 512]
24,0.831339,1024,0.34935680768431077,200,0.3984322866704982,0.85128605,0.83102626,0.87956405,0.001,[512; 512; 512; 512]
24,0.8321089,1024,0.3302073532320502,250,0.40245404663120077,0.86119235,0.82649165,0.8935622,0.001,[512; 512; 512; 512]
24,0.824945,1024,0.31842507809060866,300,0.4089232181165554,0.86853254,0.8288783,0.90262556,0.001,[512; 512; 512; 512]
24,0.8231522,1024,0.29888896342748644,350,0.4162055419993571,0.87473893,0.83102626,0.9141636,0.001,[512; 512; 512; 512]
24,0.8201881,1024,0.2880935824581837,400,0.41620752817122064,0.88178074,0.8326969,0.91969365,0.001,[512; 512; 512; 512]
24,0.823178,1024,0.28404064406150353,450,0.42785762423262674,0.8801098,0.8319809,0.92368054,0.001,[512; 512; 512; 512]
24,0.8217005,1024,0.27669902695152265,500,0.42661203262629543,0.88512266,0.8312649,0.9271077,0.001,[512; 512; 512; 512]
24,0.82165897,1024,0.2630784376435742,550,0.4356975154688933,0.8907919,0.83245826,0.9350415,0.001,[512; 512; 512; 512]
24,0.8217508,1024,0.2630467742188859,600,0.42948218704977015,0.8890613,0.8288783,0.93473285,0.001,[512; 512; 512; 512]
24,0.82393944,1024,0.2604573521425838,650,0.4213927969016437,0.89502895,0.8379475,0.9359153,0.001,[512; 512; 512; 512]
24,0.82451063,1024,0.24737572557492793,700,0.4418745326256126,0.90111595,0.83699286,0.9418416,0.001,[512; 512; 512; 512]
24,0.8251198,1024,0.25041481196709603,750,0.42454335473317806,0.90004176,0.8362768,0.9388134,0.001,[512; 512; 512; 512]
24,0.8261984,1024,0.25058309770060117,800,0.42571660415369456,0.89908695,0.8334129,0.9406511,0.001,[512; 512; 512; 512]
24,0.82326126,1024,0.24268650027229727,850,0.44586218552828405,0.90219015,0.8348449,0.9461252,0.001,[512; 512; 512; 512]
24,0.8263571,1024,0.23788368919801048,900,0.45197462110929104,0.90183204,0.8357995,0.94679594,0.001,[512; 512; 512; 512]
24,0.8253965,1024,0.23602018314101655,950,0.43791897106284455,0.9037417,0.83961815,0.94664454,0.001,[512; 512; 512; 512]
24,0.8237907,1024,0.23733348005774227,1000,0.44155063943532885,0.90183204,0.83914083,0.9470248,0.001,[512; 512; 512; 512]
